timestamp,code,value
2025-09-04 13:46:54.096639,58,106.91
2025-09-04 14:01:54.096639,58,108.27
2025-09-04 14:16:54.096639,58,115.18
2025-09-04 14:31:54.096639,58,141.99
2025-09-04 14:46:54.096639,58,107.85
2025-09-04 15:01:54.096639,58,139.77
2025-09-04 15:16:54.096639,58,123.42
2025-09-04 15:31:54.096639,58,130.81
2025-09-04 15:46:54.096639,58,122.14
2025-09-04 16:01:54.096639,58,97.48
2025-09-04 16:16:54.096639,58,109.25
2025-09-04 16:31:54.096639,58,125.53
2025-09-04 16:46:54.096639,58,122.48
2025-09-04 17:01:54.096639,58,107.23
2025-09-04 17:16:54.096639,58,135.88
2025-09-04 17:31:54.096639,58,125.02
2025-09-04 17:46:54.096639,58,109.92
2025-09-04 18:01:54.096639,58,124.02
2025-09-04 18:16:54.096639,58,101.8
2025-09-04 18:31:54.096639,58,124.19
2025-09-04 18:46:54.096639,58,101.65
2025-09-04 19:01:54.096639,58,104.09
2025-09-04 19:16:54.096639,58,105.14
2025-09-04 19:31:54.096639,58,108.9
2025-09-04 19:46:54.096639,58,108.06
2025-09-04 20:01:54.096639,58,119.22
2025-09-04 20:16:54.096639,58,126.07
2025-09-04 20:31:54.096639,58,104.3
2025-09-04 20:46:54.096639,58,133.33
2025-09-04 21:01:54.096639,58,117.28
2025-09-04 21:16:54.096639,58,135.97
2025-09-04 21:31:54.096639,58,121.89
2025-09-04 21:46:54.096639,58,115.85
2025-09-04 22:01:54.096639,58,106.66
2025-09-04 22:16:54.096639,58,122.65
2025-09-04 22:31:54.096639,58,126.2
2025-09-04 22:46:54.096639,58,103.7
2025-09-04 23:01:54.096639,58,115.23
2025-09-04 23:16:54.096639,58,116.04
2025-09-04 23:31:54.096639,58,104.17
2025-09-04 23:46:54.096639,58,198.77
2025-09-04 23:46:54.096639,49,
2025-09-05 00:01:54.096639,58,170.51
2025-09-05 00:16:54.096639,58,136.66
2025-09-05 00:31:54.096639,58,115.09
2025-09-05 00:46:54.096639,58,109.71
2025-09-05 01:01:54.096639,58,126.32
2025-09-05 01:16:54.096639,58,119.42
2025-09-05 01:31:54.096639,58,132.28
2025-09-05 01:46:54.096639,58,118.2
2025-09-05 02:01:54.096639,58,108.12
2025-09-05 02:16:54.096639,58,115.84
2025-09-05 02:31:54.096639,58,120.02
2025-09-05 02:46:54.096639,49,
2025-09-05 02:46:54.096639,58,162.61
2025-09-05 03:01:54.096639,58,168.85
2025-09-05 03:16:54.096639,49,
2025-09-05 03:16:54.096639,58,201.19
2025-09-05 03:31:54.096639,58,192.01
2025-09-05 03:46:54.096639,58,156.36
2025-09-05 04:01:54.096639,58,161.35
2025-09-05 04:16:54.096639,58,126.83
2025-09-05 04:31:54.096639,58,133.41
2025-09-05 04:46:54.096639,58,117.9
2025-09-05 05:01:54.096639,58,111.58
2025-09-05 05:16:54.096639,58,113.4
2025-09-05 05:31:54.096639,58,111.86
2025-09-05 05:46:54.096639,58,113.56
2025-09-05 06:01:54.096639,58,108.72
2025-09-05 06:16:54.096639,58,97.41
2025-09-05 06:31:54.096639,58,144.14
2025-09-05 06:46:54.096639,58,109.55
2025-09-05 07:01:54.096639,58,117.46
2025-09-05 07:16:54.096639,58,126.02
2025-09-05 07:31:54.096639,58,113.55
2025-09-05 07:46:54.096639,58,125.15
2025-09-05 08:01:54.096639,58,121.55
2025-09-05 08:16:54.096639,49,
2025-09-05 08:16:54.096639,58,155.04
2025-09-05 08:31:54.096639,58,140.16
2025-09-05 08:46:54.096639,58,137.38
2025-09-05 09:01:54.096639,58,152.32
2025-09-05 09:16:54.096639,58,100.66
2025-09-05 09:31:54.096639,58,142.51
2025-09-05 09:46:54.096639,58,151.94
2025-09-05 10:01:54.096639,58,125.81
2025-09-05 10:16:54.096639,58,125.02
2025-09-05 10:31:54.096639,58,120.56
2025-09-05 10:46:54.096639,58,137.63
2025-09-05 11:01:54.096639,58,105.25
2025-09-05 11:16:54.096639,58,148.84
2025-09-05 11:31:54.096639,58,129.74
2025-09-05 11:46:54.096639,58,112.72
2025-09-05 12:01:54.096639,58,112.71
2025-09-05 12:16:54.096639,58,107.02
2025-09-05 12:31:54.096639,58,132.83
2025-09-05 12:46:54.096639,58,113.58
2025-09-05 13:01:54.096639,58,122.85
2025-09-05 13:16:54.096639,58,113.12
2025-09-05 13:31:54.096639,58,114.19
2025-09-05 13:46:54.096639,58,142.28
2025-09-05 14:01:54.096639,58,125.38
2025-09-05 14:16:54.096639,58,120.08
2025-09-05 14:31:54.096639,58,108.38
2025-09-05 14:46:54.096639,58,115.41
2025-09-05 15:01:54.096639,58,123.39
2025-09-05 15:16:54.096639,58,125.18
2025-09-05 15:31:54.096639,58,132.2
2025-09-05 15:46:54.096639,58,131.7
2025-09-05 16:01:54.096639,58,128.73
2025-09-05 16:16:54.096639,58,107.36
2025-09-05 16:31:54.096639,58,115.97
2025-09-05 16:46:54.096639,58,106.2
2025-09-05 17:01:54.096639,58,95.0
2025-09-05 17:16:54.096639,58,114.74
2025-09-05 17:31:54.096639,58,91.32
2025-09-05 17:46:54.096639,58,119.88
2025-09-05 18:01:54.096639,58,129.01
2025-09-05 18:16:54.096639,58,126.95
2025-09-05 18:31:54.096639,58,118.01
2025-09-05 18:46:54.096639,58,88.67
2025-09-05 19:01:54.096639,58,118.09
2025-09-05 19:16:54.096639,58,99.73
2025-09-05 19:31:54.096639,58,104.12
2025-09-05 19:46:54.096639,58,149.82
2025-09-05 20:01:54.096639,49,
2025-09-05 20:01:54.096639,58,138.07
2025-09-05 20:16:54.096639,58,132.14
2025-09-05 20:31:54.096639,58,139.56
2025-09-05 20:46:54.096639,58,119.27
2025-09-05 21:01:54.096639,58,119.34
2025-09-05 21:16:54.096639,58,120.86
2025-09-05 21:31:54.096639,58,120.71
2025-09-05 21:46:54.096639,58,110.24
2025-09-05 22:01:54.096639,58,94.53
2025-09-05 22:16:54.096639,58,121.19
2025-09-05 22:31:54.096639,58,126.54
2025-09-05 22:46:54.096639,58,144.57
2025-09-05 23:01:54.096639,58,121.67
2025-09-05 23:16:54.096639,58,156.68
2025-09-05 23:16:54.096639,49,
2025-09-05 23:31:54.096639,58,149.61
2025-09-05 23:46:54.096639,49,
2025-09-05 23:46:54.096639,58,208.13
2025-09-06 00:01:54.096639,58,167.47
2025-09-06 00:16:54.096639,58,139.5
2025-09-06 00:31:54.096639,58,144.4
2025-09-06 00:46:54.096639,58,123.87
2025-09-06 01:01:54.096639,58,114.55
2025-09-06 01:16:54.096639,58,120.89
2025-09-06 01:31:54.096639,58,141.64
2025-09-06 01:46:54.096639,58,115.68
2025-09-06 02:01:54.096639,58,115.25
2025-09-06 02:16:54.096639,58,120.86
2025-09-06 02:31:54.096639,58,153.97
2025-09-06 02:46:54.096639,58,113.39
2025-09-06 03:01:54.096639,58,101.36
2025-09-06 03:16:54.096639,58,107.32
2025-09-06 03:31:54.096639,58,106.91
2025-09-06 03:46:54.096639,58,104.78
2025-09-06 04:01:54.096639,58,113.24
2025-09-06 04:16:54.096639,49,
2025-09-06 04:16:54.096639,58,175.8
2025-09-06 04:31:54.096639,58,163.16
2025-09-06 04:46:54.096639,58,127.29
2025-09-06 05:01:54.096639,58,129.54
2025-09-06 05:16:54.096639,58,115.23
2025-09-06 05:31:54.096639,58,124.89
2025-09-06 05:46:54.096639,58,132.49
2025-09-06 06:01:54.096639,58,88.95
2025-09-06 06:16:54.096639,58,129.46
2025-09-06 06:31:54.096639,58,98.88
2025-09-06 06:46:54.096639,58,115.44
2025-09-06 07:01:54.096639,58,114.76
2025-09-06 07:16:54.096639,58,118.29
2025-09-06 07:31:54.096639,58,101.44
2025-09-06 07:46:54.096639,58,117.42
2025-09-06 08:01:54.096639,58,125.72
2025-09-06 08:16:54.096639,58,115.86
2025-09-06 08:31:54.096639,58,116.88
2025-09-06 08:46:54.096639,58,125.25
2025-09-06 09:01:54.096639,58,107.79
2025-09-06 09:16:54.096639,58,120.19
2025-09-06 09:31:54.096639,58,100.66
2025-09-06 09:46:54.096639,58,98.41
2025-09-06 10:01:54.096639,58,115.61
2025-09-06 10:16:54.096639,58,113.56
2025-09-06 10:31:54.096639,58,135.39
2025-09-06 10:46:54.096639,58,113.8
2025-09-06 11:01:54.096639,58,126.05
2025-09-06 11:16:54.096639,58,109.62
2025-09-06 11:31:54.096639,58,122.77
2025-09-06 11:46:54.096639,58,114.7
2025-09-06 12:01:54.096639,58,117.92
2025-09-06 12:16:54.096639,58,112.01
2025-09-06 12:31:54.096639,58,120.91
2025-09-06 12:46:54.096639,58,152.77
2025-09-06 13:01:54.096639,58,116.92
2025-09-06 13:16:54.096639,58,134.5
2025-09-06 13:31:54.096639,58,139.01
2025-09-06 13:46:54.096639,58,122.06
2025-09-06 14:01:54.096639,58,100.52
2025-09-06 14:16:54.096639,58,88.37
2025-09-06 14:31:54.096639,58,125.41
2025-09-06 14:46:54.096639,58,114.77
2025-09-06 15:01:54.096639,58,128.6
2025-09-06 15:16:54.096639,58,108.21
2025-09-06 15:31:54.096639,58,115.87
2025-09-06 15:46:54.096639,58,113.13
2025-09-06 16:01:54.096639,58,104.48
2025-09-06 16:16:54.096639,58,106.77
2025-09-06 16:31:54.096639,58,96.06
2025-09-06 16:46:54.096639,58,104.72
2025-09-06 17:01:54.096639,58,103.08
2025-09-06 17:16:54.096639,58,120.46
2025-09-06 17:31:54.096639,58,98.53
2025-09-06 17:46:54.096639,58,118.57
2025-09-06 18:01:54.096639,58,164.6
2025-09-06 18:01:54.096639,49,
2025-09-06 18:16:54.096639,58,151.41
2025-09-06 18:31:54.096639,58,131.35
2025-09-06 18:46:54.096639,58,137.18
2025-09-06 19:01:54.096639,58,116.81
2025-09-06 19:16:54.096639,58,114.12
2025-09-06 19:31:54.096639,58,114.49
2025-09-06 19:46:54.096639,58,95.82
2025-09-06 20:01:54.096639,58,86.47
2025-09-06 20:16:54.096639,58,117.23
2025-09-06 20:31:54.096639,58,138.95
2025-09-06 20:46:54.096639,58,79.82
2025-09-06 21:01:54.096639,58,108.68
2025-09-06 21:16:54.096639,58,122.06
2025-09-06 21:31:54.096639,49,
2025-09-06 21:31:54.096639,58,131.2
2025-09-06 21:46:54.096639,58,161.68
2025-09-06 22:01:54.096639,58,116.03
2025-09-06 22:16:54.096639,58,117.42
2025-09-06 22:31:54.096639,58,130.47
2025-09-06 22:46:54.096639,58,141.55
2025-09-06 23:01:54.096639,58,88.34
2025-09-06 23:16:54.096639,58,111.23
2025-09-06 23:31:54.096639,58,119.32
2025-09-06 23:46:54.096639,58,102.28
2025-09-07 00:01:54.096639,58,101.17
2025-09-07 00:16:54.096639,58,119.76
2025-09-07 00:31:54.096639,58,106.58
2025-09-07 00:46:54.096639,58,115.06
2025-09-07 01:01:54.096639,58,124.44
2025-09-07 01:16:54.096639,58,136.3
2025-09-07 01:31:54.096639,58,121.63
2025-09-07 01:46:54.096639,58,109.2
2025-09-07 02:01:54.096639,58,110.83
2025-09-07 02:16:54.096639,58,110.32
2025-09-07 02:31:54.096639,58,130.54
2025-09-07 02:46:54.096639,58,131.11
2025-09-07 03:01:54.096639,58,116.84
2025-09-07 03:16:54.096639,58,109.72
2025-09-07 03:31:54.096639,58,115.4
2025-09-07 03:46:54.096639,58,121.67
2025-09-07 04:01:54.096639,58,120.39
2025-09-07 04:16:54.096639,58,149.48
2025-09-07 04:31:54.096639,58,102.98
2025-09-07 04:46:54.096639,58,106.84
2025-09-07 05:01:54.096639,58,123.95
2025-09-07 05:16:54.096639,58,134.23
2025-09-07 05:31:54.096639,58,91.22
2025-09-07 05:46:54.096639,58,106.32
2025-09-07 06:01:54.096639,49,
2025-09-07 06:01:54.096639,58,165.65
2025-09-07 06:16:54.096639,58,125.54
2025-09-07 06:31:54.096639,58,139.56
2025-09-07 06:46:54.096639,58,110.47
2025-09-07 07:01:54.096639,58,128.25
2025-09-07 07:16:54.096639,58,128.19
2025-09-07 07:31:54.096639,58,131.23
2025-09-07 07:46:54.096639,58,95.05
2025-09-07 08:01:54.096639,58,103.75
2025-09-07 08:16:54.096639,58,120.93
2025-09-07 08:31:54.096639,58,134.89
2025-09-07 08:46:54.096639,58,100.43
2025-09-07 09:01:54.096639,58,125.93
2025-09-07 09:16:54.096639,58,120.19
2025-09-07 09:31:54.096639,58,122.11
2025-09-07 09:46:54.096639,58,118.29
2025-09-07 10:01:54.096639,58,106.1
2025-09-07 10:16:54.096639,58,111.09
2025-09-07 10:31:54.096639,58,123.04
2025-09-07 10:46:54.096639,58,123.05
2025-09-07 11:01:54.096639,58,134.5
2025-09-07 11:16:54.096639,58,108.65
2025-09-07 11:31:54.096639,58,106.31
2025-09-07 11:46:54.096639,58,104.28
2025-09-07 12:01:54.096639,58,119.86
2025-09-07 12:16:54.096639,58,131.15
2025-09-07 12:31:54.096639,58,85.47
2025-09-07 12:46:54.096639,58,142.43
2025-09-07 13:01:54.096639,58,114.48
2025-09-07 13:16:54.096639,58,139.01
2025-09-07 13:31:54.096639,58,117.49
2025-09-07 13:46:54.096639,58,124.09
2025-09-07 14:01:54.096639,58,115.79
2025-09-07 14:16:54.096639,58,116.37
2025-09-07 14:31:54.096639,58,131.8
2025-09-07 14:46:54.096639,58,109.3
2025-09-07 15:01:54.096639,58,106.58
2025-09-07 15:16:54.096639,58,94.5
2025-09-07 15:31:54.096639,58,108.74
2025-09-07 15:46:54.096639,58,121.61
2025-09-07 16:01:54.096639,58,101.89
2025-09-07 16:16:54.096639,58,117.53
2025-09-07 16:31:54.096639,58,120.67
2025-09-07 16:46:54.096639,58,150.69
2025-09-07 16:46:54.096639,49,
2025-09-07 17:01:54.096639,58,128.66
2025-09-07 17:16:54.096639,58,149.97
2025-09-07 17:31:54.096639,58,129.1
2025-09-07 17:46:54.096639,58,92.93
2025-09-07 18:01:54.096639,58,127.93
2025-09-07 18:16:54.096639,58,103.55
2025-09-07 18:31:54.096639,58,121.3
2025-09-07 18:46:54.096639,58,135.24
2025-09-07 19:01:54.096639,58,110.72
2025-09-07 19:16:54.096639,58,109.25
2025-09-07 19:31:54.096639,49,
2025-09-07 19:31:54.096639,58,194.85
2025-09-07 19:46:54.096639,58,135.79
2025-09-07 20:01:54.096639,58,102.47
2025-09-07 20:16:54.096639,58,150.24
2025-09-07 20:31:54.096639,58,108.71
2025-09-07 20:46:54.096639,58,112.72
2025-09-07 21:01:54.096639,58,107.34
2025-09-07 21:16:54.096639,58,102.63
2025-09-07 21:31:54.096639,49,
2025-09-07 21:31:54.096639,58,137.34
2025-09-07 21:46:54.096639,58,129.43
2025-09-07 22:01:54.096639,58,134.83
2025-09-07 22:16:54.096639,58,119.18
2025-09-07 22:31:54.096639,58,112.04
2025-09-07 22:46:54.096639,58,131.12
2025-09-07 23:01:54.096639,58,120.44
2025-09-07 23:16:54.096639,58,140.58
2025-09-07 23:31:54.096639,58,100.06
2025-09-07 23:46:54.096639,58,116.51
2025-09-08 00:01:54.096639,58,128.83
2025-09-08 00:16:54.096639,58,117.0
2025-09-08 00:31:54.096639,58,93.85
2025-09-08 00:46:54.096639,58,116.42
2025-09-08 01:01:54.096639,58,95.5
2025-09-08 01:16:54.096639,58,149.91
2025-09-08 01:31:54.096639,58,113.28
2025-09-08 01:46:54.096639,58,127.44
2025-09-08 02:01:54.096639,58,108.93
2025-09-08 02:16:54.096639,58,120.34
2025-09-08 02:31:54.096639,58,117.94
2025-09-08 02:46:54.096639,58,101.04
2025-09-08 03:01:54.096639,58,97.63
2025-09-08 03:16:54.096639,58,117.35
2025-09-08 03:31:54.096639,58,134.21
2025-09-08 03:46:54.096639,58,94.93
2025-09-08 04:01:54.096639,58,112.04
2025-09-08 04:16:54.096639,58,123.96
2025-09-08 04:31:54.096639,58,101.73
2025-09-08 04:46:54.096639,58,109.59
2025-09-08 05:01:54.096639,58,142.61
2025-09-08 05:16:54.096639,58,133.78
2025-09-08 05:31:54.096639,58,117.45
2025-09-08 05:46:54.096639,58,127.36
2025-09-08 06:01:54.096639,58,113.45
2025-09-08 06:16:54.096639,58,132.62
2025-09-08 06:31:54.096639,58,107.77
2025-09-08 06:46:54.096639,58,136.89
2025-09-08 07:01:54.096639,58,111.96
2025-09-08 07:16:54.096639,58,140.89
2025-09-08 07:31:54.096639,58,114.38
2025-09-08 07:46:54.096639,58,123.01
2025-09-08 08:01:54.096639,58,92.63
2025-09-08 08:16:54.096639,58,98.57
2025-09-08 08:31:54.096639,58,104.06
2025-09-08 08:46:54.096639,58,132.35
2025-09-08 09:01:54.096639,58,101.61
2025-09-08 09:16:54.096639,58,111.0
2025-09-08 09:31:54.096639,58,100.94
2025-09-08 09:46:54.096639,58,122.52
2025-09-08 10:01:54.096639,58,122.19
2025-09-08 10:16:54.096639,58,124.11
2025-09-08 10:31:54.096639,58,116.32
2025-09-08 10:46:54.096639,58,91.01
2025-09-08 11:01:54.096639,58,152.58
2025-09-08 11:16:54.096639,58,132.39
2025-09-08 11:31:54.096639,58,125.02
2025-09-08 11:46:54.096639,58,107.61
2025-09-08 12:01:54.096639,58,116.49
2025-09-08 12:16:54.096639,58,122.75
2025-09-08 12:31:54.096639,58,119.79
2025-09-08 12:46:54.096639,58,139.56
2025-09-08 13:01:54.096639,58,119.16
2025-09-08 13:16:54.096639,58,113.87
2025-09-08 13:31:54.096639,58,106.35
2025-09-08 13:46:54.096639,58,104.58
2025-09-08 14:01:54.096639,58,131.18
2025-09-08 14:16:54.096639,58,113.88
2025-09-08 14:31:54.096639,58,94.34
2025-09-08 14:46:54.096639,58,108.7
2025-09-08 15:01:54.096639,58,128.44
2025-09-08 15:16:54.096639,58,105.69
2025-09-08 15:31:54.096639,58,97.14
2025-09-08 15:46:54.096639,58,122.69
2025-09-08 16:01:54.096639,58,111.9
2025-09-08 16:16:54.096639,58,127.93
2025-09-08 16:31:54.096639,58,126.49
2025-09-08 16:46:54.096639,58,105.0
2025-09-08 17:01:54.096639,58,111.1
2025-09-08 17:16:54.096639,58,99.75
2025-09-08 17:31:54.096639,58,119.28
2025-09-08 17:46:54.096639,58,111.78
2025-09-08 18:01:54.096639,58,119.06
2025-09-08 18:16:54.096639,58,122.5
2025-09-08 18:31:54.096639,58,99.5
2025-09-08 18:46:54.096639,58,110.96
2025-09-08 19:01:54.096639,58,102.66
2025-09-08 19:16:54.096639,58,117.73
2025-09-08 19:31:54.096639,58,121.28
2025-09-08 19:46:54.096639,58,122.08
2025-09-08 20:01:54.096639,58,108.43
2025-09-08 20:16:54.096639,58,116.16
2025-09-08 20:31:54.096639,58,126.24
2025-09-08 20:46:54.096639,58,117.83
2025-09-08 21:01:54.096639,58,100.97
2025-09-08 21:16:54.096639,58,107.26
2025-09-08 21:31:54.096639,58,133.46
2025-09-08 21:46:54.096639,58,125.46
2025-09-08 22:01:54.096639,58,111.19
2025-09-08 22:16:54.096639,58,121.5
2025-09-08 22:31:54.096639,58,123.02
2025-09-08 22:46:54.096639,58,126.77
2025-09-08 23:01:54.096639,58,121.81
2025-09-08 23:16:54.096639,58,114.37
2025-09-08 23:31:54.096639,58,118.83
2025-09-08 23:46:54.096639,58,106.5
2025-09-09 00:01:54.096639,58,122.2
2025-09-09 00:16:54.096639,58,128.65
2025-09-09 00:31:54.096639,58,117.97
2025-09-09 00:46:54.096639,58,121.44
2025-09-09 01:01:54.096639,58,125.52
2025-09-09 01:16:54.096639,58,97.67
2025-09-09 01:31:54.096639,58,117.13
2025-09-09 01:46:54.096639,58,153.42
2025-09-09 02:01:54.096639,58,123.39
2025-09-09 02:16:54.096639,49,
2025-09-09 02:16:54.096639,58,153.09
2025-09-09 02:31:54.096639,58,139.72
2025-09-09 02:46:54.096639,58,130.77
2025-09-09 03:01:54.096639,58,142.57
2025-09-09 03:16:54.096639,58,119.17
2025-09-09 03:31:54.096639,58,125.91
2025-09-09 03:46:54.096639,58,110.23
2025-09-09 04:01:54.096639,58,118.09
2025-09-09 04:16:54.096639,58,139.25
2025-09-09 04:31:54.096639,58,114.97
2025-09-09 04:46:54.096639,58,133.48
2025-09-09 05:01:54.096639,58,105.26
2025-09-09 05:16:54.096639,58,126.55
2025-09-09 05:31:54.096639,58,133.82
2025-09-09 05:46:54.096639,58,129.96
2025-09-09 06:01:54.096639,58,138.24
2025-09-09 06:16:54.096639,58,107.08
2025-09-09 06:31:54.096639,58,114.78
2025-09-09 06:46:54.096639,58,113.26
2025-09-09 07:01:54.096639,58,122.87
2025-09-09 07:16:54.096639,58,111.53
2025-09-09 07:31:54.096639,58,101.73
2025-09-09 07:46:54.096639,58,90.38
2025-09-09 08:01:54.096639,58,104.28
2025-09-09 08:16:54.096639,58,135.47
2025-09-09 08:31:54.096639,58,109.24
2025-09-09 08:46:54.096639,58,126.15
2025-09-09 09:01:54.096639,58,138.6
2025-09-09 09:16:54.096639,58,119.86
2025-09-09 09:31:54.096639,58,110.4
2025-09-09 09:46:54.096639,58,134.06
2025-09-09 10:01:54.096639,58,118.21
2025-09-09 10:16:54.096639,58,173.18
2025-09-09 10:16:54.096639,49,
2025-09-09 10:31:54.096639,58,158.99
2025-09-09 10:46:54.096639,58,142.39
2025-09-09 11:01:54.096639,58,121.57
2025-09-09 11:16:54.096639,58,120.87
2025-09-09 11:31:54.096639,58,104.61
2025-09-09 11:46:54.096639,58,81.49
2025-09-09 12:01:54.096639,58,130.8
2025-09-09 12:16:54.096639,58,136.35
2025-09-09 12:31:54.096639,58,99.52
2025-09-09 12:46:54.096639,58,121.68
2025-09-09 13:01:54.096639,58,115.37
2025-09-09 13:16:54.096639,58,104.43
2025-09-09 13:31:54.096639,58,110.94
2025-09-09 13:46:54.096639,58,78.88
2025-09-09 14:01:54.096639,58,108.53
2025-09-09 14:16:54.096639,58,102.62
2025-09-09 14:31:54.096639,58,133.98
2025-09-09 14:46:54.096639,58,78.47
2025-09-09 15:01:54.096639,58,143.88
2025-09-09 15:16:54.096639,58,107.71
2025-09-09 15:31:54.096639,58,115.41
2025-09-09 15:46:54.096639,58,113.96
2025-09-09 16:01:54.096639,58,126.46
2025-09-09 16:16:54.096639,58,111.82
2025-09-09 16:31:54.096639,58,115.96
2025-09-09 16:46:54.096639,58,99.92
2025-09-09 17:01:54.096639,58,128.77
2025-09-09 17:16:54.096639,58,118.17
2025-09-09 17:31:54.096639,58,135.83
2025-09-09 17:46:54.096639,58,106.15
2025-09-09 18:01:54.096639,58,124.77
2025-09-09 18:16:54.096639,58,114.66
2025-09-09 18:31:54.096639,58,107.44
2025-09-09 18:46:54.096639,58,104.15
2025-09-09 19:01:54.096639,58,111.2
2025-09-09 19:16:54.096639,58,131.06
2025-09-09 19:31:54.096639,58,133.87
2025-09-09 19:46:54.096639,58,126.7
2025-09-09 20:01:54.096639,58,108.75
2025-09-09 20:16:54.096639,58,112.57
2025-09-09 20:31:54.096639,58,138.51
2025-09-09 20:46:54.096639,58,138.19
2025-09-09 21:01:54.096639,58,118.96
2025-09-09 21:16:54.096639,58,134.91
2025-09-09 21:31:54.096639,58,130.01
2025-09-09 21:46:54.096639,58,106.53
2025-09-09 22:01:54.096639,58,112.09
2025-09-09 22:16:54.096639,58,120.89
2025-09-09 22:31:54.096639,58,118.61
2025-09-09 22:46:54.096639,58,133.53
2025-09-09 23:01:54.096639,58,107.43
2025-09-09 23:16:54.096639,58,88.82
2025-09-09 23:31:54.096639,58,138.81
2025-09-09 23:46:54.096639,58,126.52
2025-09-10 00:01:54.096639,58,125.23
2025-09-10 00:16:54.096639,58,107.19
2025-09-10 00:31:54.096639,58,125.39
2025-09-10 00:46:54.096639,58,92.16
2025-09-10 01:01:54.096639,58,129.75
2025-09-10 01:16:54.096639,58,102.81
2025-09-10 01:31:54.096639,58,137.04
2025-09-10 01:46:54.096639,58,142.98
2025-09-10 02:01:54.096639,58,90.87
2025-09-10 02:16:54.096639,58,101.42
2025-09-10 02:31:54.096639,58,89.88
2025-09-10 02:46:54.096639,58,111.54
2025-09-10 03:01:54.096639,58,96.97
2025-09-10 03:16:54.096639,58,120.25
2025-09-10 03:31:54.096639,58,128.38
2025-09-10 03:46:54.096639,58,110.56
2025-09-10 04:01:54.096639,58,111.78
2025-09-10 04:16:54.096639,58,117.94
2025-09-10 04:31:54.096639,58,140.92
2025-09-10 04:46:54.096639,58,116.18
2025-09-10 05:01:54.096639,58,111.23
2025-09-10 05:16:54.096639,58,110.63
2025-09-10 05:31:54.096639,58,99.53
2025-09-10 05:46:54.096639,58,108.59
2025-09-10 06:01:54.096639,58,121.81
2025-09-10 06:16:54.096639,58,116.59
2025-09-10 06:31:54.096639,58,113.38
2025-09-10 06:46:54.096639,58,111.23
2025-09-10 07:01:54.096639,58,117.81
2025-09-10 07:16:54.096639,58,109.88
2025-09-10 07:31:54.096639,58,101.36
2025-09-10 07:46:54.096639,58,96.67
2025-09-10 08:01:54.096639,58,110.55
2025-09-10 08:16:54.096639,58,93.55
2025-09-10 08:31:54.096639,58,110.28
2025-09-10 08:46:54.096639,58,120.53
2025-09-10 09:01:54.096639,58,114.31
2025-09-10 09:16:54.096639,58,92.42
2025-09-10 09:31:54.096639,58,130.46
2025-09-10 09:46:54.096639,58,121.48
2025-09-10 10:01:54.096639,58,109.84
2025-09-10 10:16:54.096639,58,114.12
2025-09-10 10:31:54.096639,58,129.2
2025-09-10 10:46:54.096639,58,129.81
2025-09-10 11:01:54.096639,58,111.66
2025-09-10 11:16:54.096639,58,71.48
2025-09-10 11:31:54.096639,58,111.81
2025-09-10 11:46:54.096639,58,122.76
2025-09-10 12:01:54.096639,58,84.21
2025-09-10 12:16:54.096639,58,100.22
2025-09-10 12:31:54.096639,58,105.24
2025-09-10 12:46:54.096639,58,117.54
2025-09-10 13:01:54.096639,58,131.39
2025-09-10 13:16:54.096639,58,120.22
2025-09-10 13:31:54.096639,58,133.06
2025-09-10 13:46:54.096639,58,104.75
2025-09-10 14:01:54.096639,58,136.32
2025-09-10 14:16:54.096639,58,118.78
2025-09-10 14:31:54.096639,58,105.26
2025-09-10 14:46:54.096639,58,157.91
2025-09-10 15:01:54.096639,58,102.92
2025-09-10 15:16:54.096639,58,123.62
2025-09-10 15:31:54.096639,58,123.14
2025-09-10 15:46:54.096639,58,118.52
2025-09-10 16:01:54.096639,58,107.3
2025-09-10 16:16:54.096639,58,119.79
2025-09-10 16:31:54.096639,58,126.05
2025-09-10 16:46:54.096639,58,105.76
2025-09-10 17:01:54.096639,58,99.08
2025-09-10 17:16:54.096639,58,91.31
2025-09-10 17:31:54.096639,58,115.44
2025-09-10 17:46:54.096639,58,122.81
2025-09-10 18:01:54.096639,58,109.77
2025-09-10 18:16:54.096639,58,119.85
2025-09-10 18:31:54.096639,58,178.03
2025-09-10 18:31:54.096639,49,
2025-09-10 18:46:54.096639,58,148.19
2025-09-10 19:01:54.096639,58,138.61
2025-09-10 19:16:54.096639,58,144.84
2025-09-10 19:31:54.096639,58,108.39
2025-09-10 19:46:54.096639,58,115.43
2025-09-10 20:01:54.096639,58,100.63
2025-09-10 20:16:54.096639,58,130.29
2025-09-10 20:31:54.096639,58,109.08
2025-09-10 20:46:54.096639,58,103.06
2025-09-10 21:01:54.096639,58,113.64
2025-09-10 21:16:54.096639,58,117.9
2025-09-10 21:31:54.096639,58,121.0
2025-09-10 21:46:54.096639,58,105.9
2025-09-10 22:01:54.096639,58,118.22
2025-09-10 22:16:54.096639,58,182.43
2025-09-10 22:16:54.096639,49,
2025-09-10 22:31:54.096639,58,150.04
2025-09-10 22:46:54.096639,58,133.49
2025-09-10 23:01:54.096639,58,137.15
2025-09-10 23:16:54.096639,58,138.78
2025-09-10 23:31:54.096639,58,124.68
2025-09-10 23:46:54.096639,58,125.36
2025-09-11 00:01:54.096639,58,136.02
2025-09-11 00:16:54.096639,58,101.17
2025-09-11 00:31:54.096639,58,115.54
2025-09-11 00:46:54.096639,58,145.04
2025-09-11 01:01:54.096639,58,136.78
2025-09-11 01:16:54.096639,58,138.86
2025-09-11 01:31:54.096639,58,107.01
2025-09-11 01:46:54.096639,58,94.33
2025-09-11 02:01:54.096639,58,113.18
2025-09-11 02:16:54.096639,58,137.17
2025-09-11 02:31:54.096639,58,113.64
2025-09-11 02:46:54.096639,58,145.5
2025-09-11 02:46:54.096639,49,
2025-09-11 03:01:54.096639,58,141.56
2025-09-11 03:16:54.096639,58,140.5
2025-09-11 03:31:54.096639,58,115.19
2025-09-11 03:46:54.096639,58,124.09
2025-09-11 04:01:54.096639,58,108.15
2025-09-11 04:16:54.096639,58,127.14
2025-09-11 04:31:54.096639,58,125.48
2025-09-11 04:46:54.096639,58,137.36
2025-09-11 05:01:54.096639,58,130.82
2025-09-11 05:16:54.096639,58,97.93
2025-09-11 05:31:54.096639,58,130.48
2025-09-11 05:46:54.096639,58,122.24
2025-09-11 06:01:54.096639,58,97.03
2025-09-11 06:16:54.096639,58,110.55
2025-09-11 06:31:54.096639,58,139.08
2025-09-11 06:46:54.096639,58,115.44
2025-09-11 07:01:54.096639,58,96.1
2025-09-11 07:16:54.096639,58,114.52
2025-09-11 07:31:54.096639,58,117.55
2025-09-11 07:46:54.096639,58,106.48
2025-09-11 08:01:54.096639,58,134.32
2025-09-11 08:16:54.096639,58,110.42
2025-09-11 08:31:54.096639,58,85.69
2025-09-11 08:46:54.096639,58,100.44
2025-09-11 09:01:54.096639,58,83.94
2025-09-11 09:16:54.096639,58,124.71
2025-09-11 09:31:54.096639,58,106.39
2025-09-11 09:46:54.096639,58,111.87
2025-09-11 10:01:54.096639,58,116.74
2025-09-11 10:16:54.096639,58,99.71
2025-09-11 10:31:54.096639,58,106.42
2025-09-11 10:46:54.096639,58,115.93
2025-09-11 11:01:54.096639,58,110.6
2025-09-11 11:16:54.096639,58,106.71
2025-09-11 11:31:54.096639,58,122.94
2025-09-11 11:46:54.096639,58,99.52
2025-09-11 12:01:54.096639,49,
2025-09-11 12:01:54.096639,58,213.31
2025-09-11 12:16:54.096639,58,182.82
2025-09-11 12:31:54.096639,58,153.48
2025-09-11 12:46:54.096639,58,138.71
2025-09-11 13:01:54.096639,58,128.17
2025-09-11 13:16:54.096639,58,114.35
2025-09-11 13:31:54.096639,58,121.02
2025-09-11 13:46:54.096639,58,128.52
2025-09-11 14:01:54.096639,58,89.25
2025-09-11 14:16:54.096639,58,107.06
2025-09-11 14:31:54.096639,58,116.64
2025-09-11 14:46:54.096639,58,115.52
2025-09-11 15:01:54.096639,58,119.35
2025-09-11 15:16:54.096639,58,105.92
2025-09-11 15:31:54.096639,58,120.99
2025-09-11 15:46:54.096639,58,134.87
2025-09-11 16:01:54.096639,58,101.85
2025-09-11 16:16:54.096639,49,
2025-09-11 16:16:54.096639,58,212.41
2025-09-11 16:31:54.096639,58,166.71
2025-09-11 16:46:54.096639,58,151.96
2025-09-11 17:01:54.096639,58,131.68
2025-09-11 17:16:54.096639,58,83.17
2025-09-11 17:31:54.096639,58,101.59
2025-09-11 17:46:54.096639,58,142.96
2025-09-11 18:01:54.096639,58,99.73
2025-09-11 18:16:54.096639,58,123.94
2025-09-11 18:31:54.096639,58,94.27
2025-09-11 18:46:54.096639,58,120.65
2025-09-11 19:01:54.096639,58,110.27
2025-09-11 19:16:54.096639,58,110.15
2025-09-11 19:31:54.096639,58,107.78
2025-09-11 19:46:54.096639,58,113.58
2025-09-11 20:01:54.096639,58,124.63
2025-09-11 20:16:54.096639,58,95.49
2025-09-11 20:31:54.096639,58,102.71
2025-09-11 20:46:54.096639,58,122.5
2025-09-11 21:01:54.096639,58,101.15
2025-09-11 21:16:54.096639,58,131.52
2025-09-11 21:31:54.096639,58,121.18
2025-09-11 21:46:54.096639,58,94.48
2025-09-11 22:01:54.096639,58,120.35
2025-09-11 22:16:54.096639,58,102.12
2025-09-11 22:31:54.096639,58,117.38
2025-09-11 22:46:54.096639,58,122.47
2025-09-11 23:01:54.096639,58,118.28
2025-09-11 23:16:54.096639,58,102.13
2025-09-11 23:31:54.096639,58,114.58
2025-09-11 23:46:54.096639,58,119.25
2025-09-12 00:01:54.096639,58,102.54
2025-09-12 00:16:54.096639,58,134.52
2025-09-12 00:31:54.096639,58,111.51
2025-09-12 00:46:54.096639,58,80.44
2025-09-12 01:01:54.096639,58,108.44
2025-09-12 01:16:54.096639,58,114.95
2025-09-12 01:31:54.096639,58,130.11
2025-09-12 01:46:54.096639,58,93.2
2025-09-12 02:01:54.096639,58,124.6
2025-09-12 02:16:54.096639,58,134.25
2025-09-12 02:31:54.096639,58,120.67
2025-09-12 02:46:54.096639,58,107.43
2025-09-12 03:01:54.096639,58,117.03
2025-09-12 03:16:54.096639,58,109.66
2025-09-12 03:31:54.096639,58,111.14
2025-09-12 03:46:54.096639,58,104.56
2025-09-12 04:01:54.096639,58,139.58
2025-09-12 04:16:54.096639,58,137.23
2025-09-12 04:31:54.096639,58,116.66
2025-09-12 04:46:54.096639,58,117.46
2025-09-12 05:01:54.096639,58,125.64
2025-09-12 05:16:54.096639,58,122.94
2025-09-12 05:31:54.096639,58,122.02
2025-09-12 05:46:54.096639,58,115.14
2025-09-12 06:01:54.096639,58,125.21
2025-09-12 06:16:54.096639,58,102.99
2025-09-12 06:31:54.096639,58,106.38
2025-09-12 06:46:54.096639,58,108.29
2025-09-12 07:01:54.096639,58,144.93
2025-09-12 07:16:54.096639,58,95.17
2025-09-12 07:31:54.096639,58,126.92
2025-09-12 07:46:54.096639,58,101.83
2025-09-12 08:01:54.096639,58,124.57
2025-09-12 08:16:54.096639,58,111.94
2025-09-12 08:31:54.096639,58,119.7
2025-09-12 08:46:54.096639,58,119.35
2025-09-12 09:01:54.096639,58,133.9
2025-09-12 09:16:54.096639,58,105.54
2025-09-12 09:31:54.096639,58,132.51
2025-09-12 09:46:54.096639,58,150.71
2025-09-12 10:01:54.096639,58,110.79
2025-09-12 10:16:54.096639,58,129.11
2025-09-12 10:31:54.096639,58,117.7
2025-09-12 10:46:54.096639,58,116.61
2025-09-12 11:01:54.096639,58,101.28
2025-09-12 11:16:54.096639,58,110.07
2025-09-12 11:31:54.096639,58,240.86353275658342
2025-09-12 11:46:54.096639,58,223.0718812090032
2025-09-12 12:01:54.096639,58,221.96818321617533
2025-09-12 12:16:54.096639,58,107.18
2025-09-12 12:31:54.096639,58,118.83
2025-09-12 12:46:54.096639,58,100.44
2025-09-12 13:01:54.096639,49,
2025-09-12 13:01:54.096639,58,103.4
2025-09-12 13:16:54.096639,58,128.67
2025-09-12 13:31:54.096639,58,123.79
2025-09-12 13:46:54.096639,58,116.15
2025-09-12 14:01:54.096639,58,110.08
2025-09-12 14:16:54.096639,58,98.55
2025-09-12 14:31:54.096639,58,126.07
2025-09-12 14:46:54.096639,58,97.75
2025-09-12 15:01:54.096639,58,118.27
2025-09-12 15:16:54.096639,58,120.44
2025-09-12 15:31:54.096639,58,106.85
2025-09-12 15:46:54.096639,58,131.86
2025-09-12 16:01:54.096639,58,102.61
2025-09-12 16:16:54.096639,49,
2025-09-12 16:16:54.096639,58,157.41
2025-09-12 16:31:54.096639,58,160.08
2025-09-12 16:46:54.096639,58,150.65
2025-09-12 17:01:54.096639,58,142.19
2025-09-12 17:16:54.096639,58,111.57
2025-09-12 17:31:54.096639,58,119.13
2025-09-12 17:46:54.096639,58,112.03
2025-09-12 18:01:54.096639,58,108.74
2025-09-12 18:16:54.096639,58,131.5
2025-09-12 18:31:54.096639,58,112.13
2025-09-12 18:46:54.096639,58,113.35
2025-09-12 19:01:54.096639,58,119.65
2025-09-12 19:16:54.096639,58,126.04
2025-09-12 19:31:54.096639,58,121.39
2025-09-12 19:46:54.096639,58,113.54
2025-09-12 20:01:54.096639,58,108.85
2025-09-12 20:16:54.096639,58,123.93
2025-09-12 20:31:54.096639,58,119.62
2025-09-12 20:46:54.096639,58,135.5
2025-09-12 21:01:54.096639,58,119.96
2025-09-12 21:16:54.096639,58,113.96
2025-09-12 21:31:54.096639,58,123.17
2025-09-12 21:46:54.096639,58,114.52
2025-09-12 22:01:54.096639,58,100.49
2025-09-12 22:16:54.096639,58,122.41
2025-09-12 22:31:54.096639,58,115.69
2025-09-12 22:46:54.096639,58,122.97
2025-09-12 23:01:54.096639,58,137.08
2025-09-12 23:16:54.096639,58,125.35
2025-09-12 23:31:54.096639,58,116.84
2025-09-12 23:46:54.096639,58,104.42
2025-09-13 00:01:54.096639,58,112.68
2025-09-13 00:16:54.096639,58,121.83
2025-09-13 00:31:54.096639,58,130.89
2025-09-13 00:46:54.096639,58,106.78
2025-09-13 01:01:54.096639,58,126.32
2025-09-13 01:16:54.096639,58,109.83
2025-09-13 01:31:54.096639,49,
2025-09-13 01:31:54.096639,58,181.51
2025-09-13 01:46:54.096639,58,157.09
2025-09-13 02:01:54.096639,58,151.74
2025-09-13 02:16:54.096639,58,125.15
2025-09-13 02:31:54.096639,58,140.93
2025-09-13 02:46:54.096639,58,137.43
2025-09-13 03:01:54.096639,58,123.18
2025-09-13 03:16:54.096639,58,108.92
2025-09-13 03:31:54.096639,58,108.34
2025-09-13 03:46:54.096639,58,105.08
2025-09-13 04:01:54.096639,58,116.49
2025-09-13 04:16:54.096639,58,99.65
2025-09-13 04:31:54.096639,58,142.64
2025-09-13 04:46:54.096639,58,119.61
2025-09-13 05:01:54.096639,58,117.48
2025-09-13 05:16:54.096639,58,118.45
2025-09-13 05:31:54.096639,58,143.45
2025-09-13 05:46:54.096639,58,108.51
2025-09-13 06:01:54.096639,58,119.38
2025-09-13 06:16:54.096639,58,143.46
2025-09-13 06:16:54.096639,49,
2025-09-13 06:31:54.096639,58,144.91
2025-09-13 06:46:54.096639,58,144.97
2025-09-13 07:01:54.096639,58,114.56
2025-09-13 07:16:54.096639,58,135.57
2025-09-13 07:31:54.096639,58,115.26
2025-09-13 07:46:54.096639,58,131.27
2025-09-13 08:01:54.096639,58,96.82
2025-09-13 08:16:54.096639,58,135.85
2025-09-13 08:31:54.096639,58,79.65
2025-09-13 08:46:54.096639,58,113.51
2025-09-13 09:01:54.096639,58,114.3
2025-09-13 09:16:54.096639,58,107.0
2025-09-13 09:31:54.096639,58,112.94
2025-09-13 09:46:54.096639,58,114.35
2025-09-13 10:01:54.096639,58,122.92
2025-09-13 10:16:54.096639,58,115.57
2025-09-13 10:31:54.096639,58,102.39
2025-09-13 10:46:54.096639,58,117.32
2025-09-13 11:01:54.096639,58,106.44
2025-09-13 11:16:54.096639,58,131.87
2025-09-13 11:31:54.096639,58,109.94
2025-09-13 11:46:54.096639,58,134.35
2025-09-13 12:01:54.096639,58,138.93
2025-09-13 12:16:54.096639,58,119.6
2025-09-13 12:31:54.096639,58,138.48
2025-09-13 12:46:54.096639,58,112.25
2025-09-13 13:01:54.096639,58,144.53
2025-09-13 13:16:54.096639,58,152.41
2025-09-13 13:16:54.096639,49,
2025-09-13 13:31:54.096639,58,155.68
2025-09-13 13:46:54.096639,58,110.21
2025-09-13 14:01:54.096639,49,
2025-09-13 14:01:54.096639,58,199.61
2025-09-13 14:16:54.096639,58,153.49
2025-09-13 14:31:54.096639,58,118.27
2025-09-13 14:46:54.096639,58,112.61
2025-09-13 15:01:54.096639,58,115.41
2025-09-13 15:16:54.096639,58,133.93
2025-09-13 15:31:54.096639,58,118.82
2025-09-13 15:46:54.096639,58,116.86
2025-09-13 16:01:54.096639,58,130.9
2025-09-13 16:16:54.096639,58,120.94
2025-09-13 16:31:54.096639,58,116.42
2025-09-13 16:46:54.096639,58,114.23
2025-09-13 17:01:54.096639,58,127.14
2025-09-13 17:16:54.096639,58,125.11
2025-09-13 17:31:54.096639,58,110.75
2025-09-13 17:46:54.096639,58,98.69
2025-09-13 18:01:54.096639,58,95.2
2025-09-13 18:16:54.096639,58,94.7
2025-09-13 18:31:54.096639,58,126.01
2025-09-13 18:46:54.096639,58,122.56
2025-09-13 19:01:54.096639,58,107.56
2025-09-13 19:16:54.096639,58,87.22
2025-09-13 19:31:54.096639,58,115.27
2025-09-13 19:46:54.096639,58,118.51
2025-09-13 20:01:54.096639,58,116.43
2025-09-13 20:16:54.096639,58,128.95
2025-09-13 20:31:54.096639,58,143.52
2025-09-13 20:46:54.096639,58,127.85
2025-09-13 21:01:54.096639,58,135.06
2025-09-13 21:16:54.096639,49,
2025-09-13 21:16:54.096639,58,167.07
2025-09-13 21:31:54.096639,58,130.45
2025-09-13 21:46:54.096639,58,161.26
2025-09-13 22:01:54.096639,49,
2025-09-13 22:01:54.096639,58,188.6
2025-09-13 22:16:54.096639,58,131.82
2025-09-13 22:31:54.096639,58,109.66
2025-09-13 22:46:54.096639,58,137.25
2025-09-13 23:01:54.096639,58,129.83
2025-09-13 23:16:54.096639,58,136.04
2025-09-13 23:31:54.096639,58,150.62
2025-09-13 23:46:54.096639,58,139.7
2025-09-14 00:01:54.096639,58,116.55
2025-09-14 00:16:54.096639,58,88.35
2025-09-14 00:31:54.096639,58,121.62
2025-09-14 00:46:54.096639,58,121.35
2025-09-14 01:01:54.096639,58,109.46
2025-09-14 01:16:54.096639,58,121.92
2025-09-14 01:31:54.096639,58,113.87
2025-09-14 01:46:54.096639,58,100.02
2025-09-14 02:01:54.096639,58,122.85
2025-09-14 02:16:54.096639,58,113.76
2025-09-14 02:31:54.096639,58,114.75
2025-09-14 02:46:54.096639,58,117.48
2025-09-14 03:01:54.096639,58,114.75
2025-09-14 03:16:54.096639,58,129.68
2025-09-14 03:31:54.096639,58,141.41
2025-09-14 03:46:54.096639,58,130.83
2025-09-14 04:01:54.096639,58,116.84
2025-09-14 04:16:54.096639,58,125.5
2025-09-14 04:31:54.096639,58,114.73
2025-09-14 04:46:54.096639,58,97.98
2025-09-14 05:01:54.096639,58,125.25
2025-09-14 05:16:54.096639,58,104.23
2025-09-14 05:31:54.096639,58,105.01
2025-09-14 05:46:54.096639,58,113.63
2025-09-14 06:01:54.096639,58,94.32
2025-09-14 06:16:54.096639,58,109.01
2025-09-14 06:31:54.096639,58,119.88
2025-09-14 06:31:54.096639,49,
2025-09-14 06:46:54.096639,58,142.9
2025-09-14 07:01:54.096639,58,129.22
2025-09-14 07:16:54.096639,58,112.46
2025-09-14 07:31:54.096639,58,119.21
2025-09-14 07:46:54.096639,58,148.49
2025-09-14 08:01:54.096639,58,139.04
2025-09-14 08:16:54.096639,58,106.15
2025-09-14 08:31:54.096639,58,108.45
2025-09-14 08:46:54.096639,58,94.7
2025-09-14 09:01:54.096639,58,92.39
2025-09-14 09:16:54.096639,58,95.28
2025-09-14 09:31:54.096639,58,118.76
2025-09-14 09:46:54.096639,58,124.07
2025-09-14 10:01:54.096639,58,117.48
2025-09-14 10:16:54.096639,58,111.96
2025-09-14 10:31:54.096639,58,111.71
2025-09-14 10:46:54.096639,58,135.51
2025-09-14 11:01:54.096639,58,114.71
2025-09-14 11:16:54.096639,58,89.74
2025-09-14 11:31:54.096639,58,113.9
2025-09-14 11:46:54.096639,58,94.14
2025-09-14 12:01:54.096639,58,112.67
2025-09-14 12:16:54.096639,58,120.19
2025-09-14 12:31:54.096639,58,97.86
2025-09-14 12:46:54.096639,58,123.73
2025-09-14 13:01:54.096639,58,111.39
2025-09-14 13:16:54.096639,58,118.55
2025-09-14 13:31:54.096639,58,105.46
2025-09-14 13:46:54.096639,58,118.27
2025-09-14 14:01:54.096639,58,104.53
2025-09-14 14:16:54.096639,58,127.84
2025-09-14 14:31:54.096639,58,102.87
2025-09-14 14:46:54.096639,58,112.09
2025-09-14 15:01:54.096639,58,109.12
2025-09-14 15:16:54.096639,58,112.13
2025-09-14 15:31:54.096639,58,105.11
2025-09-14 15:46:54.096639,58,134.24
2025-09-14 16:01:54.096639,58,107.95
2025-09-14 16:16:54.096639,58,117.29
2025-09-14 16:31:54.096639,58,115.95
2025-09-14 16:46:54.096639,58,103.75
2025-09-14 17:01:54.096639,58,131.5
2025-09-14 17:16:54.096639,58,120.69
2025-09-14 17:31:54.096639,58,98.65
2025-09-14 17:46:54.096639,58,126.61
2025-09-14 18:01:54.096639,58,101.89
2025-09-14 18:16:54.096639,58,120.82
2025-09-14 18:31:54.096639,58,115.76
2025-09-14 18:46:54.096639,58,108.53
2025-09-14 19:01:54.096639,58,114.79
2025-09-14 19:16:54.096639,58,132.88
2025-09-14 19:31:54.096639,58,117.13
2025-09-14 19:46:54.096639,58,105.74
2025-09-14 20:01:54.096639,58,130.48
2025-09-14 20:16:54.096639,58,136.78
2025-09-14 20:31:54.096639,58,111.97
2025-09-14 20:46:54.096639,58,133.02
2025-09-14 21:01:54.096639,58,124.48
2025-09-14 21:16:54.096639,58,118.02
2025-09-14 21:31:54.096639,58,108.82
2025-09-14 21:46:54.096639,58,142.15
2025-09-14 22:01:54.096639,58,165.03
2025-09-14 22:01:54.096639,49,
2025-09-14 22:16:54.096639,58,166.51
2025-09-14 22:31:54.096639,58,133.4
2025-09-14 22:46:54.096639,58,130.03
2025-09-14 23:01:54.096639,58,137.91
2025-09-14 23:16:54.096639,49,
2025-09-14 23:16:54.096639,58,177.5
2025-09-14 23:31:54.096639,58,152.23
2025-09-14 23:46:54.096639,58,143.86
2025-09-15 00:01:54.096639,58,122.26
2025-09-15 00:16:54.096639,58,123.95
2025-09-15 00:31:54.096639,58,133.71
2025-09-15 00:46:54.096639,58,111.23
2025-09-15 01:01:54.096639,58,118.8
2025-09-15 01:16:54.096639,58,125.04
2025-09-15 01:31:54.096639,58,108.49
2025-09-15 01:46:54.096639,58,108.24
2025-09-15 02:01:54.096639,58,97.48
2025-09-15 02:16:54.096639,58,115.23
2025-09-15 02:31:54.096639,58,125.3
2025-09-15 02:46:54.096639,58,123.09
2025-09-15 03:01:54.096639,58,120.37
2025-09-15 03:16:54.096639,58,111.66
2025-09-15 03:31:54.096639,58,117.53
2025-09-15 03:46:54.096639,58,127.06
2025-09-15 04:01:54.096639,58,103.06
2025-09-15 04:16:54.096639,58,103.55
2025-09-15 04:31:54.096639,58,108.35
2025-09-15 04:46:54.096639,58,128.92
2025-09-15 05:01:54.096639,58,110.54
2025-09-15 05:16:54.096639,58,119.83
2025-09-15 05:31:54.096639,58,130.0
2025-09-15 05:46:54.096639,58,105.61
2025-09-15 06:01:54.096639,58,127.44
2025-09-15 06:16:54.096639,58,112.43
2025-09-15 06:31:54.096639,58,106.05
2025-09-15 06:46:54.096639,58,131.16
2025-09-15 07:01:54.096639,58,137.98
2025-09-15 07:16:54.096639,58,123.61
2025-09-15 07:31:54.096639,58,111.76
2025-09-15 07:46:54.096639,58,124.53
2025-09-15 08:01:54.096639,58,193.34
2025-09-15 08:01:54.096639,49,
2025-09-15 08:16:54.096639,58,150.34
2025-09-15 08:31:54.096639,58,151.98
2025-09-15 08:46:54.096639,58,139.17
2025-09-15 09:01:54.096639,58,108.5
2025-09-15 09:16:54.096639,58,111.47
2025-09-15 09:31:54.096639,58,141.19
2025-09-15 09:46:54.096639,58,133.04
2025-09-15 10:01:54.096639,58,105.21
2025-09-15 10:16:54.096639,58,134.95
2025-09-15 10:31:54.096639,58,140.3
2025-09-15 10:46:54.096639,58,110.5
2025-09-15 11:01:54.096639,58,124.25
2025-09-15 11:16:54.096639,58,114.78
2025-09-15 11:31:54.096639,58,129.56
2025-09-15 11:46:54.096639,58,128.91
2025-09-15 12:01:54.096639,58,102.48
2025-09-15 12:16:54.096639,58,124.9
2025-09-15 12:31:54.096639,58,102.09
2025-09-15 12:46:54.096639,58,110.42
2025-09-15 13:01:54.096639,58,89.52
2025-09-15 13:16:54.096639,58,115.01
2025-09-15 13:31:54.096639,58,120.94
