timestamp,code,value
2025-09-06 13:47:14.939233,58,86.76
2025-09-06 14:02:14.939233,58,92.04
2025-09-06 14:17:14.939233,58,87.72
2025-09-06 14:32:14.939233,58,89.32
2025-09-06 14:47:14.939233,58,90.77
2025-09-06 15:02:14.939233,58,90.99
2025-09-06 15:17:14.939233,58,98.15
2025-09-06 15:32:14.939233,58,83.6
2025-09-06 15:47:14.939233,58,91.4
2025-09-06 16:02:14.939233,58,93.98
2025-09-06 16:17:14.939233,58,94.94
2025-09-06 16:32:14.939233,58,105.51
2025-09-06 16:47:14.939233,58,85.96
2025-09-06 17:02:14.939233,58,97.55
2025-09-06 17:17:14.939233,58,93.78
2025-09-06 17:32:14.939233,58,107.68
2025-09-06 17:47:14.939233,58,97.68
2025-09-06 18:02:14.939233,58,105.72
2025-09-06 18:17:14.939233,58,83.57
2025-09-06 18:32:14.939233,58,89.89
2025-09-06 18:47:14.939233,58,74.28
2025-09-06 19:02:14.939233,58,78.16
2025-09-06 19:17:14.939233,58,108.24
2025-09-06 19:32:14.939233,58,91.71
2025-09-06 19:47:14.939233,58,105.35
2025-09-06 20:02:14.939233,58,83.59
2025-09-06 20:17:14.939233,58,62.31
2025-09-06 20:32:14.939233,58,96.85
2025-09-06 20:47:14.939233,58,84.4
2025-09-06 21:02:14.939233,58,95.19
2025-09-06 21:17:14.939233,58,59.46
2025-09-06 21:32:14.939233,58,90.51
2025-09-06 21:47:14.939233,58,102.3
2025-09-06 22:02:14.939233,58,113.45
2025-09-06 22:17:14.939233,58,105.85
2025-09-06 22:32:14.939233,58,88.71
2025-09-06 22:47:14.939233,58,110.69
2025-09-06 23:02:14.939233,58,91.93
2025-09-06 23:17:14.939233,58,93.24
2025-09-06 23:32:14.939233,58,111.95
2025-09-06 23:47:14.939233,58,103.4
2025-09-07 00:02:14.939233,58,95.4
2025-09-07 00:17:14.939233,58,98.91
2025-09-07 00:32:14.939233,58,100.25
2025-09-07 00:47:14.939233,58,90.32
2025-09-07 01:02:14.939233,58,97.76
2025-09-07 01:17:14.939233,58,79.0
2025-09-07 01:32:14.939233,58,83.73
2025-09-07 01:47:14.939233,58,90.45
2025-09-07 02:02:14.939233,58,88.59
2025-09-07 02:17:14.939233,58,97.81
2025-09-07 02:32:14.939233,58,114.69
2025-09-07 02:47:14.939233,58,90.21
2025-09-07 03:02:14.939233,58,83.21
2025-09-07 03:17:14.939233,58,91.1
2025-09-07 03:32:14.939233,58,73.41
2025-09-07 03:47:14.939233,58,89.28
2025-09-07 04:02:14.939233,58,100.26
2025-09-07 04:17:14.939233,58,93.25
2025-09-07 04:32:14.939233,58,91.3
2025-09-07 04:47:14.939233,58,97.08
2025-09-07 05:02:14.939233,58,79.37
2025-09-07 05:17:14.939233,58,85.96
2025-09-07 05:32:14.939233,58,112.22
2025-09-07 05:47:14.939233,58,108.99
2025-09-07 06:02:14.939233,58,112.75
2025-09-07 06:17:14.939233,58,85.7
2025-09-07 06:32:14.939233,58,81.28
2025-09-07 06:47:14.939233,58,103.08
2025-09-07 07:02:14.939233,58,80.99
2025-09-07 07:17:14.939233,49,
2025-09-07 07:17:14.939233,58,166.96
2025-09-07 07:32:14.939233,58,139.27
2025-09-07 07:47:14.939233,58,125.37
2025-09-07 08:02:14.939233,58,106.64
2025-09-07 08:17:14.939233,58,100.04
2025-09-07 08:32:14.939233,58,111.21
2025-09-07 08:47:14.939233,58,99.01
2025-09-07 09:02:14.939233,58,90.94
2025-09-07 09:17:14.939233,58,85.92
2025-09-07 09:32:14.939233,58,62.34
2025-09-07 09:47:14.939233,58,108.35
2025-09-07 10:02:14.939233,58,77.79
2025-09-07 10:17:14.939233,58,88.71
2025-09-07 10:32:14.939233,58,94.87
2025-09-07 10:47:14.939233,58,102.75
2025-09-07 11:02:14.939233,58,82.58
2025-09-07 11:17:14.939233,58,106.55
2025-09-07 11:32:14.939233,58,71.64
2025-09-07 11:47:14.939233,58,120.02
2025-09-07 12:02:14.939233,58,103.79
2025-09-07 12:17:14.939233,58,97.82
2025-09-07 12:32:14.939233,58,109.47
2025-09-07 12:47:14.939233,58,104.19
2025-09-07 13:02:14.939233,58,85.3
2025-09-07 13:17:14.939233,58,92.08
2025-09-07 13:32:14.939233,58,96.27
2025-09-07 13:47:14.939233,58,102.93
2025-09-07 14:02:14.939233,58,77.63
2025-09-07 14:17:14.939233,58,80.06
2025-09-07 14:32:14.939233,58,82.55
2025-09-07 14:47:14.939233,58,115.09
2025-09-07 15:02:14.939233,58,115.05
2025-09-07 15:17:14.939233,58,106.2
2025-09-07 15:32:14.939233,58,96.15
2025-09-07 15:47:14.939233,58,93.9
2025-09-07 16:02:14.939233,58,91.02
2025-09-07 16:17:14.939233,58,81.24
2025-09-07 16:32:14.939233,58,105.34
2025-09-07 16:47:14.939233,58,100.75
2025-09-07 17:02:14.939233,58,85.18
2025-09-07 17:17:14.939233,58,75.38
2025-09-07 17:32:14.939233,58,103.22
2025-09-07 17:47:14.939233,58,88.52
2025-09-07 18:02:14.939233,58,98.09
2025-09-07 18:17:14.939233,58,90.28
2025-09-07 18:32:14.939233,58,84.44
2025-09-07 18:47:14.939233,58,98.15
2025-09-07 19:02:14.939233,58,88.21
2025-09-07 19:17:14.939233,58,98.95
2025-09-07 19:32:14.939233,58,76.82
2025-09-07 19:47:14.939233,58,113.8
2025-09-07 20:02:14.939233,58,92.89
2025-09-07 20:17:14.939233,58,99.27
2025-09-07 20:32:14.939233,58,84.74
2025-09-07 20:47:14.939233,58,102.35
2025-09-07 21:02:14.939233,58,85.91
2025-09-07 21:17:14.939233,58,106.14
2025-09-07 21:32:14.939233,58,103.95
2025-09-07 21:47:14.939233,58,94.86
2025-09-07 22:02:14.939233,58,122.22
2025-09-07 22:17:14.939233,58,94.62
2025-09-07 22:32:14.939233,58,95.06
2025-09-07 22:47:14.939233,58,92.98
2025-09-07 23:02:14.939233,58,70.37
2025-09-07 23:17:14.939233,58,79.23
2025-09-07 23:32:14.939233,58,96.76
2025-09-07 23:47:14.939233,58,79.71
2025-09-08 00:02:14.939233,58,100.92
2025-09-08 00:17:14.939233,58,123.89
2025-09-08 00:32:14.939233,58,92.83
2025-09-08 00:47:14.939233,58,89.25
2025-09-08 01:02:14.939233,58,120.31
2025-09-08 01:17:14.939233,58,92.9
2025-09-08 01:32:14.939233,58,74.33
2025-09-08 01:47:14.939233,49,
2025-09-08 01:47:14.939233,58,123.53
2025-09-08 02:02:14.939233,58,92.16
2025-09-08 02:17:14.939233,58,112.64
2025-09-08 02:32:14.939233,58,110.15
2025-09-08 02:47:14.939233,58,101.01
2025-09-08 03:02:14.939233,58,101.39
2025-09-08 03:17:14.939233,58,101.9
2025-09-08 03:32:14.939233,58,96.37
2025-09-08 03:47:14.939233,58,113.11
2025-09-08 04:02:14.939233,58,80.88
2025-09-08 04:17:14.939233,58,100.9
2025-09-08 04:32:14.939233,58,78.62
2025-09-08 04:47:14.939233,58,99.38
2025-09-08 05:02:14.939233,58,112.12
2025-09-08 05:17:14.939233,58,81.16
2025-09-08 05:32:14.939233,58,92.85
2025-09-08 05:47:14.939233,58,74.05
2025-09-08 06:02:14.939233,58,94.53
2025-09-08 06:17:14.939233,58,92.06
2025-09-08 06:32:14.939233,58,111.19
2025-09-08 06:47:14.939233,58,111.59
2025-09-08 07:02:14.939233,58,84.36
2025-09-08 07:17:14.939233,58,106.75
2025-09-08 07:32:14.939233,58,74.89
2025-09-08 07:47:14.939233,58,120.36
2025-09-08 08:02:14.939233,58,92.25
2025-09-08 08:17:14.939233,58,82.31
2025-09-08 08:32:14.939233,58,103.85
2025-09-08 08:47:14.939233,58,98.45
2025-09-08 09:02:14.939233,58,84.53
2025-09-08 09:17:14.939233,58,101.14
2025-09-08 09:32:14.939233,58,105.16
2025-09-08 09:47:14.939233,58,103.98
2025-09-08 10:02:14.939233,58,111.76
2025-09-08 10:17:14.939233,58,105.66
2025-09-08 10:32:14.939233,58,97.47
2025-09-08 10:47:14.939233,58,92.43
2025-09-08 11:02:14.939233,58,109.85
2025-09-08 11:17:14.939233,58,102.38
2025-09-08 11:32:14.939233,58,83.64
2025-09-08 11:47:14.939233,58,94.43
2025-09-08 12:02:14.939233,58,94.28
2025-09-08 12:02:14.939233,49,
2025-09-08 12:17:14.939233,58,125.16
2025-09-08 12:32:14.939233,58,85.56
2025-09-08 12:47:14.939233,58,116.01
2025-09-08 13:02:14.939233,58,80.14
2025-09-08 13:17:14.939233,58,87.42
2025-09-08 13:32:14.939233,58,81.73
2025-09-08 13:47:14.939233,58,90.38
2025-09-08 14:02:14.939233,58,104.75
2025-09-08 14:17:14.939233,58,68.47
2025-09-08 14:32:14.939233,58,87.81
2025-09-08 14:47:14.939233,58,91.77
2025-09-08 15:02:14.939233,58,93.46
2025-09-08 15:17:14.939233,58,71.04
2025-09-08 15:32:14.939233,58,109.59
2025-09-08 15:47:14.939233,58,74.03
2025-09-08 16:02:14.939233,58,93.78
2025-09-08 16:17:14.939233,58,93.49
2025-09-08 16:32:14.939233,58,75.93
2025-09-08 16:47:14.939233,58,90.4
2025-09-08 17:02:14.939233,58,92.57
2025-09-08 17:17:14.939233,58,115.94
2025-09-08 17:32:14.939233,58,89.29
2025-09-08 17:47:14.939233,58,103.04
2025-09-08 18:02:14.939233,58,94.21
2025-09-08 18:17:14.939233,58,102.86
2025-09-08 18:32:14.939233,58,90.68
2025-09-08 18:47:14.939233,58,105.6
2025-09-08 19:02:14.939233,49,
2025-09-08 19:02:14.939233,58,128.78
2025-09-08 19:17:14.939233,58,106.73
2025-09-08 19:32:14.939233,58,103.02
2025-09-08 19:47:14.939233,58,116.05
2025-09-08 20:02:14.939233,58,131.96
2025-09-08 20:17:14.939233,58,93.21
2025-09-08 20:32:14.939233,58,85.69
2025-09-08 20:47:14.939233,58,116.62
2025-09-08 21:02:14.939233,58,98.55
2025-09-08 21:17:14.939233,58,82.92
2025-09-08 21:32:14.939233,58,87.55
2025-09-08 21:47:14.939233,58,124.75
2025-09-08 22:02:14.939233,58,90.9
2025-09-08 22:17:14.939233,58,92.07
2025-09-08 22:32:14.939233,58,102.79
2025-09-08 22:47:14.939233,58,89.09
2025-09-08 23:02:14.939233,58,111.87
2025-09-08 23:17:14.939233,58,58.26
2025-09-08 23:32:14.939233,58,94.09
2025-09-08 23:47:14.939233,58,88.7
2025-09-09 00:02:14.939233,58,115.01
2025-09-09 00:17:14.939233,58,85.67
2025-09-09 00:32:14.939233,58,85.96
2025-09-09 00:47:14.939233,58,93.6
2025-09-09 01:02:14.939233,58,99.63
2025-09-09 01:17:14.939233,58,109.0
2025-09-09 01:32:14.939233,58,100.98
2025-09-09 01:47:14.939233,58,105.66
2025-09-09 02:02:14.939233,58,99.07
2025-09-09 02:17:14.939233,58,115.63
2025-09-09 02:32:14.939233,58,110.18
2025-09-09 02:47:14.939233,58,77.77
2025-09-09 03:02:14.939233,58,102.89
2025-09-09 03:17:14.939233,58,109.09
2025-09-09 03:32:14.939233,58,105.01
2025-09-09 03:47:14.939233,58,124.98
2025-09-09 04:02:14.939233,58,86.88
2025-09-09 04:17:14.939233,58,82.91
2025-09-09 04:32:14.939233,58,95.72
2025-09-09 04:47:14.939233,58,114.84
2025-09-09 05:02:14.939233,58,98.2
2025-09-09 05:17:14.939233,58,86.89
2025-09-09 05:32:14.939233,58,88.19
2025-09-09 05:47:14.939233,58,128.2
2025-09-09 06:02:14.939233,58,125.74
2025-09-09 06:17:14.939233,58,108.53
2025-09-09 06:32:14.939233,58,96.11
2025-09-09 06:47:14.939233,58,110.94
2025-09-09 07:02:14.939233,58,84.51
2025-09-09 07:17:14.939233,58,108.66
2025-09-09 07:32:14.939233,58,84.94
2025-09-09 07:47:14.939233,58,115.06
2025-09-09 08:02:14.939233,58,97.82
2025-09-09 08:17:14.939233,58,113.05
2025-09-09 08:32:14.939233,58,119.53
2025-09-09 08:47:14.939233,58,100.81
2025-09-09 09:02:14.939233,58,83.49
2025-09-09 09:17:14.939233,58,92.4
2025-09-09 09:32:14.939233,58,108.06
2025-09-09 09:47:14.939233,58,99.3
2025-09-09 10:02:14.939233,58,87.19
2025-09-09 10:17:14.939233,58,103.99
2025-09-09 10:32:14.939233,58,102.88
2025-09-09 10:47:14.939233,58,100.8
2025-09-09 11:02:14.939233,58,108.34
2025-09-09 11:17:14.939233,58,102.85
2025-09-09 11:32:14.939233,58,87.08
2025-09-09 11:47:14.939233,58,88.89
2025-09-09 12:02:14.939233,58,97.22
2025-09-09 12:17:14.939233,58,97.35
2025-09-09 12:32:14.939233,58,95.0
2025-09-09 12:47:14.939233,58,113.09
2025-09-09 13:02:14.939233,58,101.57
2025-09-09 13:17:14.939233,58,56.79
2025-09-09 13:32:14.939233,58,94.23
2025-09-09 13:47:14.939233,58,108.83
2025-09-09 14:02:14.939233,58,97.74
2025-09-09 14:17:14.939233,58,101.29
2025-09-09 14:32:14.939233,58,111.51
2025-09-09 14:47:14.939233,58,101.87
2025-09-09 15:02:14.939233,58,101.01
2025-09-09 15:17:14.939233,58,60.3
2025-09-09 15:32:14.939233,58,93.09
2025-09-09 15:47:14.939233,58,94.26
2025-09-09 16:02:14.939233,58,95.35
2025-09-09 16:17:14.939233,58,96.93
2025-09-09 16:32:14.939233,58,109.86
2025-09-09 16:47:14.939233,58,99.39
2025-09-09 17:02:14.939233,58,108.71
2025-09-09 17:17:14.939233,58,101.06
2025-09-09 17:32:14.939233,58,76.74
2025-09-09 17:47:14.939233,58,108.69
2025-09-09 18:02:14.939233,58,84.37
2025-09-09 18:17:14.939233,58,99.77
2025-09-09 18:32:14.939233,58,91.85
2025-09-09 18:47:14.939233,58,137.39
2025-09-09 18:47:14.939233,49,
2025-09-09 19:02:14.939233,58,116.53
2025-09-09 19:17:14.939233,58,105.63
2025-09-09 19:32:14.939233,58,127.94
2025-09-09 19:47:14.939233,58,89.17
2025-09-09 20:02:14.939233,58,104.9
2025-09-09 20:17:14.939233,58,95.34
2025-09-09 20:32:14.939233,58,104.57
2025-09-09 20:47:14.939233,58,102.04
2025-09-09 21:02:14.939233,58,87.19
2025-09-09 21:17:14.939233,58,109.73
2025-09-09 21:32:14.939233,58,90.82
2025-09-09 21:47:14.939233,58,86.88
2025-09-09 22:02:14.939233,58,115.77
2025-09-09 22:17:14.939233,58,84.53
2025-09-09 22:32:14.939233,58,101.62
2025-09-09 22:47:14.939233,58,108.78
2025-09-09 23:02:14.939233,58,85.7
2025-09-09 23:17:14.939233,58,92.11
2025-09-09 23:32:14.939233,58,106.92
2025-09-09 23:47:14.939233,58,99.15
2025-09-10 00:02:14.939233,58,116.73
2025-09-10 00:17:14.939233,58,82.69
2025-09-10 00:32:14.939233,58,74.45
2025-09-10 00:47:14.939233,58,113.41
2025-09-10 01:02:14.939233,58,92.95
2025-09-10 01:17:14.939233,58,92.53
2025-09-10 01:32:14.939233,58,93.34
2025-09-10 01:47:14.939233,58,95.25
2025-09-10 02:02:14.939233,58,104.9
2025-09-10 02:17:14.939233,58,80.83
2025-09-10 02:32:14.939233,58,104.27
2025-09-10 02:47:14.939233,58,107.43
2025-09-10 03:02:14.939233,49,
2025-09-10 03:02:14.939233,58,119.62
2025-09-10 03:17:14.939233,58,129.3
2025-09-10 03:32:14.939233,58,116.77
2025-09-10 03:47:14.939233,58,103.52
2025-09-10 04:02:14.939233,58,84.85
2025-09-10 04:17:14.939233,58,76.48
2025-09-10 04:32:14.939233,58,114.16
2025-09-10 04:47:14.939233,58,118.19
2025-09-10 05:02:14.939233,58,120.26
2025-09-10 05:17:14.939233,58,93.22
2025-09-10 05:32:14.939233,58,111.15
2025-09-10 05:47:14.939233,58,103.88
2025-09-10 06:02:14.939233,58,86.54
2025-09-10 06:17:14.939233,58,89.49
2025-09-10 06:32:14.939233,58,103.62
2025-09-10 06:47:14.939233,58,108.24
2025-09-10 07:02:14.939233,58,81.42
2025-09-10 07:17:14.939233,58,98.9
2025-09-10 07:32:14.939233,58,112.03
2025-09-10 07:47:14.939233,58,94.27
2025-09-10 08:02:14.939233,58,100.07
2025-09-10 08:17:14.939233,58,63.57
2025-09-10 08:32:14.939233,58,97.02
2025-09-10 08:47:14.939233,58,112.81
2025-09-10 09:02:14.939233,58,94.7
2025-09-10 09:17:14.939233,58,86.4
2025-09-10 09:32:14.939233,58,84.99
2025-09-10 09:47:14.939233,58,109.97
2025-09-10 10:02:14.939233,58,84.03
2025-09-10 10:17:14.939233,58,77.04
2025-09-10 10:32:14.939233,58,86.35
2025-09-10 10:47:14.939233,58,99.04
2025-09-10 11:02:14.939233,58,91.51
2025-09-10 11:17:14.939233,58,80.98
2025-09-10 11:32:14.939233,58,93.13
2025-09-10 11:47:14.939233,58,96.28
2025-09-10 12:02:14.939233,58,89.9
2025-09-10 12:17:14.939233,58,83.9
2025-09-10 12:32:14.939233,58,103.94
2025-09-10 12:47:14.939233,58,114.0
2025-09-10 13:02:14.939233,58,101.51
2025-09-10 13:17:14.939233,58,90.54
2025-09-10 13:32:14.939233,58,107.38
2025-09-10 13:47:14.939233,58,93.72
2025-09-10 14:02:14.939233,58,79.08
2025-09-10 14:17:14.939233,58,87.28
2025-09-10 14:32:14.939233,58,99.18
2025-09-10 14:47:14.939233,58,94.2
2025-09-10 15:02:14.939233,58,90.48
2025-09-10 15:17:14.939233,58,109.76
2025-09-10 15:32:14.939233,58,91.08
2025-09-10 15:47:14.939233,58,96.87
2025-09-10 16:02:14.939233,58,113.32
2025-09-10 16:17:14.939233,58,73.04
2025-09-10 16:32:14.939233,58,97.6
2025-09-10 16:47:14.939233,58,91.45
2025-09-10 17:02:14.939233,58,82.86
2025-09-10 17:17:14.939233,58,92.79
2025-09-10 17:32:14.939233,58,95.21
2025-09-10 17:47:14.939233,58,101.42
2025-09-10 18:02:14.939233,58,79.91
2025-09-10 18:17:14.939233,58,77.15
2025-09-10 18:32:14.939233,58,105.39
2025-09-10 18:47:14.939233,58,99.27
2025-09-10 19:02:14.939233,58,83.23
2025-09-10 19:17:14.939233,49,
2025-09-10 19:17:14.939233,58,136.34
2025-09-10 19:32:14.939233,58,111.81
2025-09-10 19:47:14.939233,58,102.83
2025-09-10 20:02:14.939233,58,106.57
2025-09-10 20:17:14.939233,58,98.39
2025-09-10 20:32:14.939233,58,94.03
2025-09-10 20:47:14.939233,58,80.24
2025-09-10 21:02:14.939233,58,87.57
2025-09-10 21:17:14.939233,58,105.48
2025-09-10 21:32:14.939233,58,90.68
2025-09-10 21:47:14.939233,58,101.26
2025-09-10 22:02:14.939233,58,98.69
2025-09-10 22:17:14.939233,58,101.5
2025-09-10 22:32:14.939233,58,107.93
2025-09-10 22:47:14.939233,58,99.82
2025-09-10 23:02:14.939233,58,83.62
2025-09-10 23:17:14.939233,58,95.71
2025-09-10 23:32:14.939233,58,99.87
2025-09-10 23:47:14.939233,58,118.23
2025-09-11 00:02:14.939233,58,126.22
2025-09-11 00:02:14.939233,49,
2025-09-11 00:17:14.939233,58,104.44
2025-09-11 00:32:14.939233,58,96.97
2025-09-11 00:47:14.939233,58,90.4
2025-09-11 01:02:14.939233,58,106.34
2025-09-11 01:17:14.939233,58,120.84
2025-09-11 01:32:14.939233,58,101.53
2025-09-11 01:47:14.939233,58,106.29
2025-09-11 02:02:14.939233,58,86.77
2025-09-11 02:17:14.939233,58,97.15
2025-09-11 02:32:14.939233,58,99.62
2025-09-11 02:47:14.939233,58,104.52
2025-09-11 03:02:14.939233,58,114.94
2025-09-11 03:17:14.939233,58,88.86
2025-09-11 03:32:14.939233,58,93.92
2025-09-11 03:47:14.939233,58,100.23
2025-09-11 04:02:14.939233,58,101.81
2025-09-11 04:17:14.939233,58,101.61
2025-09-11 04:32:14.939233,58,83.05
2025-09-11 04:47:14.939233,58,54.55
2025-09-11 05:02:14.939233,58,88.46
2025-09-11 05:17:14.939233,58,106.46
2025-09-11 05:32:14.939233,58,99.07
2025-09-11 05:47:14.939233,58,97.11
2025-09-11 06:02:14.939233,58,108.73
2025-09-11 06:17:14.939233,58,103.44
2025-09-11 06:32:14.939233,58,121.84
2025-09-11 06:47:14.939233,58,104.15
2025-09-11 07:02:14.939233,58,102.16
2025-09-11 07:17:14.939233,58,90.59
2025-09-11 07:32:14.939233,58,82.79
2025-09-11 07:47:14.939233,58,106.65
2025-09-11 08:02:14.939233,58,94.37
2025-09-11 08:17:14.939233,58,121.27
2025-09-11 08:32:14.939233,58,98.98
2025-09-11 08:47:14.939233,58,84.31
2025-09-11 09:02:14.939233,58,111.9
2025-09-11 09:17:14.939233,58,78.11
2025-09-11 09:32:14.939233,58,92.35
2025-09-11 09:47:14.939233,58,94.43
2025-09-11 10:02:14.939233,58,95.62
2025-09-11 10:17:14.939233,58,110.47
2025-09-11 10:32:14.939233,58,93.26
2025-09-11 10:47:14.939233,58,81.99
2025-09-11 11:02:14.939233,58,80.67
2025-09-11 11:17:14.939233,58,109.25
2025-09-11 11:32:14.939233,58,87.04
2025-09-11 11:47:14.939233,58,115.14
2025-09-11 12:02:14.939233,58,93.76
2025-09-11 12:17:14.939233,58,94.41
2025-09-11 12:32:14.939233,58,85.73
2025-09-11 12:47:14.939233,58,105.78
2025-09-11 13:02:14.939233,58,121.2
2025-09-11 13:17:14.939233,58,102.2
2025-09-11 13:32:14.939233,58,79.51
2025-09-11 13:47:14.939233,58,118.07
2025-09-11 14:02:14.939233,58,106.88
2025-09-11 14:17:14.939233,58,107.67
2025-09-11 14:32:14.939233,58,117.84
2025-09-11 14:47:14.939233,58,91.69
2025-09-11 15:02:14.939233,58,109.83
2025-09-11 15:17:14.939233,58,94.62
2025-09-11 15:32:14.939233,58,115.55
2025-09-11 15:47:14.939233,58,95.8
2025-09-11 16:02:14.939233,58,76.53
2025-09-11 16:17:14.939233,58,78.95
2025-09-11 16:32:14.939233,58,79.81
2025-09-11 16:47:14.939233,58,92.14
2025-09-11 17:02:14.939233,58,103.36
2025-09-11 17:17:14.939233,58,120.76
2025-09-11 17:32:14.939233,58,82.46
2025-09-11 17:47:14.939233,58,94.33
2025-09-11 18:02:14.939233,58,89.86
2025-09-11 18:17:14.939233,58,78.5
2025-09-11 18:32:14.939233,58,84.4
2025-09-11 18:47:14.939233,58,122.6
2025-09-11 19:02:14.939233,58,116.82
2025-09-11 19:17:14.939233,58,93.68
2025-09-11 19:32:14.939233,58,97.42
2025-09-11 19:47:14.939233,58,99.17
2025-09-11 20:02:14.939233,58,93.36
2025-09-11 20:17:14.939233,58,95.91
2025-09-11 20:32:14.939233,58,132.88
2025-09-11 20:32:14.939233,49,
2025-09-11 20:47:14.939233,58,125.24
2025-09-11 21:02:14.939233,58,121.72
2025-09-11 21:17:14.939233,58,98.95
2025-09-11 21:32:14.939233,58,195.18
2025-09-11 21:32:14.939233,49,
2025-09-11 21:47:14.939233,58,184.26
2025-09-11 22:02:14.939233,58,133.21
2025-09-11 22:17:14.939233,58,139.23
2025-09-11 22:32:14.939233,58,98.34
2025-09-11 22:47:14.939233,58,111.63
2025-09-11 23:02:14.939233,58,101.67
2025-09-11 23:17:14.939233,58,94.77
2025-09-11 23:32:14.939233,58,115.72
2025-09-11 23:47:14.939233,58,86.13
2025-09-12 00:02:14.939233,58,97.91
2025-09-12 00:17:14.939233,58,104.07
2025-09-12 00:32:14.939233,58,96.68
2025-09-12 00:47:14.939233,58,95.12
2025-09-12 01:02:14.939233,58,91.16
2025-09-12 01:17:14.939233,58,93.14
2025-09-12 01:32:14.939233,58,93.73
2025-09-12 01:47:14.939233,58,107.73
2025-09-12 02:02:14.939233,58,101.0
2025-09-12 02:17:14.939233,58,74.57
2025-09-12 02:32:14.939233,58,100.53
2025-09-12 02:47:14.939233,58,89.11
2025-09-12 03:02:14.939233,58,111.62
2025-09-12 03:17:14.939233,58,87.49
2025-09-12 03:32:14.939233,58,75.12
2025-09-12 03:47:14.939233,58,101.49
2025-09-12 04:02:14.939233,58,71.33
2025-09-12 04:17:14.939233,58,65.98
2025-09-12 04:32:14.939233,58,90.21
2025-09-12 04:47:14.939233,58,88.31
2025-09-12 05:02:14.939233,58,101.48
2025-09-12 05:17:14.939233,58,84.61
2025-09-12 05:32:14.939233,58,91.0
2025-09-12 05:47:14.939233,58,85.24
2025-09-12 06:02:14.939233,58,99.23
2025-09-12 06:17:14.939233,58,112.37
2025-09-12 06:32:14.939233,58,81.31
2025-09-12 06:47:14.939233,58,113.57
2025-09-12 07:02:14.939233,58,106.27
2025-09-12 07:17:14.939233,58,104.91
2025-09-12 07:32:14.939233,58,96.35
2025-09-12 07:47:14.939233,58,92.86
2025-09-12 08:02:14.939233,58,76.56
2025-09-12 08:17:14.939233,58,94.75
2025-09-12 08:32:14.939233,58,103.5
2025-09-12 08:47:14.939233,58,130.01
2025-09-12 09:02:14.939233,58,120.83
2025-09-12 09:17:14.939233,58,74.0
2025-09-12 09:32:14.939233,58,100.34
2025-09-12 09:47:14.939233,58,102.28
2025-09-12 10:02:14.939233,58,102.18
2025-09-12 10:17:14.939233,58,99.0
2025-09-12 10:32:14.939233,58,87.23
2025-09-12 10:47:14.939233,58,104.18
2025-09-12 11:02:14.939233,58,108.22
2025-09-12 11:17:14.939233,58,102.85
2025-09-12 11:32:14.939233,58,84.78
2025-09-12 11:47:14.939233,58,119.6
2025-09-12 12:02:14.939233,58,90.32
2025-09-12 12:17:14.939233,58,103.52
2025-09-12 12:32:14.939233,58,103.67
2025-09-12 12:47:14.939233,58,83.87
2025-09-12 13:02:14.939233,58,96.83
2025-09-12 13:17:14.939233,58,100.61
2025-09-12 13:32:14.939233,58,103.21
2025-09-12 13:47:14.939233,49,
2025-09-12 13:47:14.939233,58,137.05
2025-09-12 14:02:14.939233,58,118.09
2025-09-12 14:17:14.939233,58,116.55
2025-09-12 14:32:14.939233,58,96.11
2025-09-12 14:47:14.939233,58,121.01
2025-09-12 15:02:14.939233,58,92.16
2025-09-12 15:17:14.939233,58,87.34
2025-09-12 15:32:14.939233,58,90.98
2025-09-12 15:47:14.939233,58,112.75
2025-09-12 16:02:14.939233,58,91.47
2025-09-12 16:17:14.939233,58,82.75
2025-09-12 16:32:14.939233,58,90.91
2025-09-12 16:47:14.939233,58,111.69
2025-09-12 17:02:14.939233,58,102.61
2025-09-12 17:17:14.939233,58,116.01
2025-09-12 17:32:14.939233,58,82.85
2025-09-12 17:47:14.939233,58,104.56
2025-09-12 18:02:14.939233,58,105.32
2025-09-12 18:17:14.939233,58,98.97
2025-09-12 18:32:14.939233,58,79.91
2025-09-12 18:47:14.939233,58,112.89
2025-09-12 19:02:14.939233,58,110.15
2025-09-12 19:17:14.939233,58,106.75
2025-09-12 19:32:14.939233,58,81.03
2025-09-12 19:47:14.939233,58,104.93
2025-09-12 20:02:14.939233,58,89.18
2025-09-12 20:17:14.939233,58,93.92
2025-09-12 20:32:14.939233,58,85.86
2025-09-12 20:47:14.939233,58,91.52
2025-09-12 21:02:14.939233,58,104.44
2025-09-12 21:17:14.939233,58,90.36
2025-09-12 21:32:14.939233,58,99.39
2025-09-12 21:47:14.939233,58,95.73
2025-09-12 22:02:14.939233,58,92.54
2025-09-12 22:17:14.939233,58,93.99
2025-09-12 22:32:14.939233,58,87.63
2025-09-12 22:47:14.939233,58,89.31
2025-09-12 23:02:14.939233,58,92.58
2025-09-12 23:17:14.939233,58,87.3
2025-09-12 23:32:14.939233,58,90.14
2025-09-12 23:47:14.939233,58,109.74
2025-09-13 00:02:14.939233,58,103.39
2025-09-13 00:17:14.939233,58,102.28
2025-09-13 00:32:14.939233,58,102.45
2025-09-13 00:47:14.939233,58,109.87
2025-09-13 01:02:14.939233,58,97.02
2025-09-13 01:17:14.939233,58,112.78
2025-09-13 01:32:14.939233,58,88.31
2025-09-13 01:47:14.939233,58,91.31
2025-09-13 02:02:14.939233,58,97.77
2025-09-13 02:17:14.939233,58,89.13
2025-09-13 02:32:14.939233,58,99.11
2025-09-13 02:47:14.939233,58,109.58
2025-09-13 03:02:14.939233,58,88.62
2025-09-13 03:17:14.939233,58,106.55
2025-09-13 03:32:14.939233,58,86.21
2025-09-13 03:47:14.939233,58,101.56
2025-09-13 04:02:14.939233,58,107.84
2025-09-13 04:17:14.939233,58,91.19
2025-09-13 04:32:14.939233,58,108.52
2025-09-13 04:47:14.939233,58,100.77
2025-09-13 05:02:14.939233,58,117.7
2025-09-13 05:17:14.939233,58,100.69
2025-09-13 05:32:14.939233,58,104.18
2025-09-13 05:47:14.939233,58,87.77
2025-09-13 06:02:14.939233,58,80.42
2025-09-13 06:17:14.939233,58,91.57
2025-09-13 06:32:14.939233,58,92.82
2025-09-13 06:47:14.939233,58,99.87
2025-09-13 07:02:14.939233,58,111.13
2025-09-13 07:17:14.939233,58,106.18
2025-09-13 07:32:14.939233,58,111.02
2025-09-13 07:47:14.939233,58,104.2
2025-09-13 08:02:14.939233,58,81.43
2025-09-13 08:17:14.939233,58,104.49
2025-09-13 08:32:14.939233,58,100.94
2025-09-13 08:47:14.939233,58,101.98
2025-09-13 09:02:14.939233,58,133.02
2025-09-13 09:17:14.939233,58,92.38
2025-09-13 09:32:14.939233,58,106.71
2025-09-13 09:47:14.939233,58,100.99
2025-09-13 10:02:14.939233,58,75.71
2025-09-13 10:17:14.939233,58,98.78
2025-09-13 10:32:14.939233,58,81.39
2025-09-13 10:47:14.939233,58,108.91
2025-09-13 11:02:14.939233,58,102.07
2025-09-13 11:17:14.939233,58,86.04
2025-09-13 11:32:14.939233,58,108.76
2025-09-13 11:47:14.939233,58,87.51
2025-09-13 12:02:14.939233,58,95.41
2025-09-13 12:17:14.939233,58,103.16
2025-09-13 12:32:14.939233,58,88.61
2025-09-13 12:47:14.939233,58,92.14
2025-09-13 13:02:14.939233,58,94.44
2025-09-13 13:17:14.939233,58,130.25
2025-09-13 13:32:14.939233,58,96.53
2025-09-13 13:47:14.939233,58,97.41
2025-09-13 14:02:14.939233,58,85.18
2025-09-13 14:17:14.939233,58,114.99
2025-09-13 14:17:14.939233,49,
2025-09-13 14:32:14.939233,58,131.72
2025-09-13 14:47:14.939233,58,125.75
2025-09-13 15:02:14.939233,58,87.12
2025-09-13 15:17:14.939233,58,100.72
2025-09-13 15:32:14.939233,58,82.69
2025-09-13 15:47:14.939233,58,121.85
2025-09-13 16:02:14.939233,58,86.19
2025-09-13 16:17:14.939233,58,103.41
2025-09-13 16:32:14.939233,58,85.06
2025-09-13 16:47:14.939233,58,92.12
2025-09-13 17:02:14.939233,58,95.02
2025-09-13 17:17:14.939233,58,105.85
2025-09-13 17:32:14.939233,58,81.78
2025-09-13 17:47:14.939233,58,87.53
2025-09-13 18:02:14.939233,58,116.56
2025-09-13 18:17:14.939233,58,93.98
2025-09-13 18:32:14.939233,58,99.62
2025-09-13 18:47:14.939233,58,99.96
2025-09-13 19:02:14.939233,58,69.9
2025-09-13 19:17:14.939233,58,108.72
2025-09-13 19:32:14.939233,58,88.3
2025-09-13 19:47:14.939233,58,97.22
2025-09-13 20:02:14.939233,58,123.43
2025-09-13 20:17:14.939233,58,88.98
2025-09-13 20:32:14.939233,58,84.52
2025-09-13 20:47:14.939233,58,78.83
2025-09-13 21:02:14.939233,58,69.54
2025-09-13 21:17:14.939233,58,130.8
2025-09-13 21:32:14.939233,58,93.36
2025-09-13 21:47:14.939233,58,92.63
2025-09-13 22:02:14.939233,58,107.13
2025-09-13 22:17:14.939233,58,102.04
2025-09-13 22:32:14.939233,58,81.5
2025-09-13 22:47:14.939233,58,97.19
2025-09-13 23:02:14.939233,58,78.02
2025-09-13 23:17:14.939233,58,78.81
2025-09-13 23:32:14.939233,58,83.94
2025-09-13 23:47:14.939233,58,97.63
2025-09-14 00:02:14.939233,58,95.04
2025-09-14 00:17:14.939233,58,136.36
2025-09-14 00:32:14.939233,58,116.14
2025-09-14 00:47:14.939233,58,92.69
2025-09-14 01:02:14.939233,58,95.4
2025-09-14 01:17:14.939233,58,105.64
2025-09-14 01:32:14.939233,58,76.7
2025-09-14 01:47:14.939233,58,107.81
2025-09-14 02:02:14.939233,58,104.24
2025-09-14 02:17:14.939233,58,96.46
2025-09-14 02:32:14.939233,58,88.18
2025-09-14 02:47:14.939233,58,71.33
2025-09-14 03:02:14.939233,58,101.67
2025-09-14 03:17:14.939233,58,96.91
2025-09-14 03:32:14.939233,58,101.7
2025-09-14 03:47:14.939233,58,106.04
2025-09-14 04:02:14.939233,58,93.22
2025-09-14 04:17:14.939233,58,124.92
2025-09-14 04:32:14.939233,58,111.38
2025-09-14 04:47:14.939233,58,115.96
2025-09-14 05:02:14.939233,58,111.62
2025-09-14 05:17:14.939233,58,124.8
2025-09-14 05:32:14.939233,58,76.54
2025-09-14 05:47:14.939233,58,107.5
2025-09-14 06:02:14.939233,58,105.1
2025-09-14 06:17:14.939233,58,112.99
2025-09-14 06:32:14.939233,58,108.6
2025-09-14 06:47:14.939233,58,99.29
2025-09-14 07:02:14.939233,58,88.81
2025-09-14 07:17:14.939233,58,101.93
2025-09-14 07:32:14.939233,58,96.52
2025-09-14 07:47:14.939233,58,93.05
2025-09-14 08:02:14.939233,58,72.47
2025-09-14 08:17:14.939233,58,83.74
2025-09-14 08:32:14.939233,58,89.96
2025-09-14 08:47:14.939233,49,
2025-09-14 08:47:14.939233,58,135.54
2025-09-14 09:02:14.939233,58,204.79
2025-09-14 09:02:14.939233,49,
2025-09-14 09:17:14.939233,58,141.84
2025-09-14 09:32:14.939233,58,108.51
2025-09-14 09:47:14.939233,58,121.14
2025-09-14 10:02:14.939233,58,108.74
2025-09-14 10:17:14.939233,58,105.13
2025-09-14 10:32:14.939233,58,81.56
2025-09-14 10:47:14.939233,58,91.0
2025-09-14 11:02:14.939233,58,83.15
2025-09-14 11:17:14.939233,58,79.86
2025-09-14 11:32:14.939233,58,96.54
2025-09-14 11:47:14.939233,49,
2025-09-14 11:47:14.939233,58,172.85
2025-09-14 12:02:14.939233,58,168.65
2025-09-14 12:17:14.939233,58,135.05
2025-09-14 12:32:14.939233,58,115.18
2025-09-14 12:47:14.939233,58,122.16
2025-09-14 13:02:14.939233,58,106.61
2025-09-14 13:17:14.939233,58,73.59
2025-09-14 13:32:14.939233,58,93.9
2025-09-14 13:47:14.939233,58,111.02
2025-09-14 14:02:14.939233,58,117.89
2025-09-14 14:17:14.939233,58,108.35
2025-09-14 14:32:14.939233,58,83.81
2025-09-14 14:47:14.939233,58,92.33
2025-09-14 15:02:14.939233,49,
2025-09-14 15:02:14.939233,58,114.39
2025-09-14 15:17:14.939233,58,116.35
2025-09-14 15:32:14.939233,58,125.96
2025-09-14 15:47:14.939233,58,93.58
2025-09-14 16:02:14.939233,58,84.99
2025-09-14 16:17:14.939233,58,99.53
2025-09-14 16:32:14.939233,58,120.76
2025-09-14 16:47:14.939233,58,105.47
2025-09-14 17:02:14.939233,58,88.16
2025-09-14 17:17:14.939233,58,98.24
2025-09-14 17:32:14.939233,58,85.52
2025-09-14 17:47:14.939233,58,93.96
2025-09-14 18:02:14.939233,58,96.83
2025-09-14 18:17:14.939233,58,92.31
2025-09-14 18:32:14.939233,58,118.76
2025-09-14 18:47:14.939233,58,113.19
2025-09-14 19:02:14.939233,58,90.18
2025-09-14 19:17:14.939233,58,82.94
2025-09-14 19:32:14.939233,58,94.0
2025-09-14 19:47:14.939233,58,64.1
2025-09-14 20:02:14.939233,58,127.18
2025-09-14 20:17:14.939233,58,95.11
2025-09-14 20:32:14.939233,58,98.66
2025-09-14 20:47:14.939233,58,79.56
2025-09-14 21:02:14.939233,58,94.76
2025-09-14 21:17:14.939233,58,116.83
2025-09-14 21:32:14.939233,58,103.78
2025-09-14 21:47:14.939233,58,105.49
2025-09-14 22:02:14.939233,58,73.59
2025-09-14 22:17:14.939233,58,107.2
2025-09-14 22:32:14.939233,58,106.86
2025-09-14 22:47:14.939233,58,106.43
2025-09-14 23:02:14.939233,58,96.06
2025-09-14 23:17:14.939233,58,103.46
2025-09-14 23:32:14.939233,58,83.16
2025-09-14 23:47:14.939233,58,83.1
2025-09-15 00:02:14.939233,58,122.41
2025-09-15 00:17:14.939233,58,107.49
2025-09-15 00:32:14.939233,58,87.69
2025-09-15 00:47:14.939233,58,124.18
2025-09-15 01:02:14.939233,58,101.96
2025-09-15 01:17:14.939233,58,89.22
2025-09-15 01:32:14.939233,58,93.46
2025-09-15 01:47:14.939233,58,97.97
2025-09-15 02:02:14.939233,58,119.31
2025-09-15 02:17:14.939233,58,91.17
2025-09-15 02:32:14.939233,58,79.73
2025-09-15 02:47:14.939233,58,110.94
2025-09-15 03:02:14.939233,58,104.68
2025-09-15 03:17:14.939233,58,100.35
2025-09-15 03:32:14.939233,58,105.9
2025-09-15 03:47:14.939233,49,
2025-09-15 03:47:14.939233,58,141.6
2025-09-15 04:02:14.939233,58,142.43
2025-09-15 04:17:14.939233,58,119.98
2025-09-15 04:32:14.939233,58,118.3
2025-09-15 04:47:14.939233,58,100.34
2025-09-15 05:02:14.939233,58,104.26
2025-09-15 05:17:14.939233,58,87.85
2025-09-15 05:32:14.939233,58,98.55
2025-09-15 05:47:14.939233,58,108.51
2025-09-15 06:02:14.939233,58,70.87
2025-09-15 06:17:14.939233,58,73.99
2025-09-15 06:32:14.939233,58,92.6
2025-09-15 06:47:14.939233,58,115.23
2025-09-15 07:02:14.939233,58,113.65
2025-09-15 07:17:14.939233,58,108.68
2025-09-15 07:32:14.939233,58,95.52
2025-09-15 07:47:14.939233,58,116.45
2025-09-15 08:02:14.939233,58,86.14
2025-09-15 08:17:14.939233,58,91.56
2025-09-15 08:32:14.939233,58,94.97
2025-09-15 08:47:14.939233,58,222.12052206475516
2025-09-15 09:02:14.939233,58,193.51846755733243
2025-09-15 09:17:14.939233,58,161.5152473630929
2025-09-15 09:32:14.939233,58,85.04
2025-09-15 09:47:14.939233,58,108.57
2025-09-15 10:02:14.939233,58,85.52
2025-09-15 10:17:14.939233,58,91.49
2025-09-15 10:32:14.939233,58,97.09
2025-09-15 10:47:14.939233,58,162.94
2025-09-15 10:47:14.939233,49,
2025-09-15 11:02:14.939233,58,126.33
2025-09-15 11:17:14.939233,58,124.45
2025-09-15 11:32:14.939233,58,111.22
2025-09-15 11:47:14.939233,58,98.92
2025-09-15 12:02:14.939233,58,108.17
2025-09-15 12:17:14.939233,58,86.59
2025-09-15 12:32:14.939233,58,97.83
2025-09-15 12:47:14.939233,58,93.84
2025-09-15 13:02:14.939233,58,98.83
2025-09-15 13:17:14.939233,58,82.88
2025-09-15 13:32:14.939233,58,94.42
